"InvoiceId","CustomerId","InvoiceDate","TrackId","Quantity","UnitPrice"
1,2,"2021-01-01 00:00:00",2,1,0.99
1,2,"2021-01-01 00:00:00",4,1,0.99
2,4,"2021-01-02 00:00:00",6,1,0.99
2,4,"2021-01-02 00:00:00",8,1,0.99
2,4,"2021-01-02 00:00:00",10,1,0.99
2,4,"2021-01-02 00:00:00",12,1,0.99
3,8,"2021-01-03 00:00:00",16,1,0.99
3,8,"2021-01-03 00:00:00",20,1,0.99
3,8,"2021-01-03 00:00:00",24,1,0.99
3,8,"2021-01-03 00:00:00",28,1,0.99
3,8,"2021-01-03 00:00:00",32,1,0.99
3,8,"2021-01-03 00:00:00",36,1,0.99
4,14,"2021-01-06 00:00:00",42,1,0.99
4,14,"2021-01-06 00:00:00",48,1,0.99
4,14,"2021-01-06 00:00:00",54,1,0.99
4,14,"2021-01-06 00:00:00",60,1,0.99
4,14,"2021-01-06 00:00:00",66,1,0.99
4,14,"2021-01-06 00:00:00",72,1,0.99
4,14,"2021-01-06 00:00:00",78,1,0.99
4,14,"2021-01-06 00:00:00",84,1,0.99
4,14,"2021-01-06 00:00:00",90,1,0.99
5,23,"2021-01-11 00:00:00",99,1,0.99
5,23,"2021-01-11 00:00:00",108,1,0.99
5,23,"2021-01-11 00:00:00",117,1,0.99
5,23,"2021-01-11 00:00:00",126,1,0.99
5,23,"2021-01-11 00:00:00",135,1,0.99
5,23,"2021-01-11 00:00:00",144,1,0.99
5,23,"2021-01-11 00:00:00",153,1,0.99
5,23,"2021-01-11 00:00:00",162,1,0.99
5,23,"2021-01-11 00:00:00",171,1,0.99
5,23,"2021-01-11 00:00:00",180,1,0.99
5,23,"2021-01-11 00:00:00",189,1,0.99
5,23,"2021-01-11 00:00:00",198,1,0.99
5,23,"2021-01-11 00:00:00",207,1,0.99
5,23,"2021-01-11 00:00:00",216,1,0.99
6,37,"2021-01-19 00:00:00",230,1,0.99
7,38,"2021-02-01 00:00:00",231,1,0.99
7,38,"2021-02-01 00:00:00",232,1,0.99
8,40,"2021-02-01 00:00:00",234,1,0.99
8,40,"2021-02-01 00:00:00",236,1,0.99
9,42,"2021-02-02 00:00:00",238,1,0.99
9,42,"2021-02-02 00:00:00",240,1,0.99
9,42,"2021-02-02 00:00:00",242,1,0.99
9,42,"2021-02-02 00:00:00",244,1,0.99
10,46,"2021-02-03 00:00:00",248,1,0.99
10,46,"2021-02-03 00:00:00",252,1,0.99
10,46,"2021-02-03 00:00:00",256,1,0.99
10,46,"2021-02-03 00:00:00",260,1,0.99
10,46,"2021-02-03 00:00:00",264,1,0.99
10,46,"2021-02-03 00:00:00",268,1,0.99
11,52,"2021-02-06 00:00:00",274,1,0.99
11,52,"2021-02-06 00:00:00",280,1,0.99
11,52,"2021-02-06 00:00:00",286,1,0.99
11,52,"2021-02-06 00:00:00",292,1,0.99
11,52,"2021-02-06 00:00:00",298,1,0.99
11,52,"2021-02-06 00:00:00",304,1,0.99
11,52,"2021-02-06 00:00:00",310,1,0.99
11,52,"2021-02-06 00:00:00",316,1,0.99
11,52,"2021-02-06 00:00:00",322,1,0.99
12,2,"2021-02-11 00:00:00",331,1,0.99
12,2,"2021-02-11 00:00:00",340,1,0.99
12,2,"2021-02-11 00:00:00",349,1,0.99
12,2,"2021-02-11 00:00:00",358,1,0.99
12,2,"2021-02-11 00:00:00",367,1,0.99
12,2,"2021-02-11 00:00:00",376,1,0.99
12,2,"2021-02-11 00:00:00",385,1,0.99
12,2,"2021-02-11 00:00:00",394,1,0.99
12,2,"2021-02-11 00:00:00",403,1,0.99
12,2,"2021-02-11 00:00:00",412,1,0.99
12,2,"2021-02-11 00:00:00",421,1,0.99
12,2,"2021-02-11 00:00:00",430,1,0.99
12,2,"2021-02-11 00:00:00",439,1,0.99
12,2,"2021-02-11 00:00:00",448,1,0.99
13,16,"2021-02-19 00:00:00",462,1,0.99
14,17,"2021-03-04 00:00:00",463,1,0.99
14,17,"2021-03-04 00:00:00",464,1,0.99
15,19,"2021-03-04 00:00:00",466,1,0.99
15,19,"2021-03-04 00:00:00",468,1,0.99
16,21,"2021-03-05 00:00:00",470,1,0.99
16,21,"2021-03-05 00:00:00",472,1,0.99
16,21,"2021-03-05 00:00:00",474,1,0.99
16,21,"2021-03-05 00:00:00",476,1,0.99
17,25,"2021-03-06 00:00:00",480,1,0.99
17,25,"2021-03-06 00:00:00",484,1,0.99
17,25,"2021-03-06 00:00:00",488,1,0.99
17,25,"2021-03-06 00:00:00",492,1,0.99
17,25,"2021-03-06 00:00:00",496,1,0.99
17,25,"2021-03-06 00:00:00",500,1,0.99
18,31,"2021-03-09 00:00:00",506,1,0.99
18,31,"2021-03-09 00:00:00",512,1,0.99
18,31,"2021-03-09 00:00:00",518,1,0.99
18,31,"2021-03-09 00:00:00",524,1,0.99
18,31,"2021-03-09 00:00:00",530,1,0.99
18,31,"2021-03-09 00:00:00",536,1,0.99
18,31,"2021-03-09 00:00:00",542,1,0.99
18,31,"2021-03-09 00:00:00",548,1,0.99
18,31,"2021-03-09 00:00:00",554,1,0.99
19,40,"2021-03-14 00:00:00",563,1,0.99
19,40,"2021-03-14 00:00:00",572,1,0.99
19,40,"2021-03-14 00:00:00",581,1,0.99
19,40,"2021-03-14 00:00:00",590,1,0.99
19,40,"2021-03-14 00:00:00",599,1,0.99
19,40,"2021-03-14 00:00:00",608,1,0.99
19,40,"2021-03-14 00:00:00",617,1,0.99
19,40,"2021-03-14 00:00:00",626,1,0.99
19,40,"2021-03-14 00:00:00",635,1,0.99
19,40,"2021-03-14 00:00:00",644,1,0.99
19,40,"2021-03-14 00:00:00",653,1,0.99
19,40,"2021-03-14 00:00:00",662,1,0.99
19,40,"2021-03-14 00:00:00",671,1,0.99
19,40,"2021-03-14 00:00:00",680,1,0.99
20,54,"2021-03-22 00:00:00",694,1,0.99
21,55,"2021-04-04 00:00:00",695,1,0.99
21,55,"2021-04-04 00:00:00",696,1,0.99
22,57,"2021-04-04 00:00:00",698,1,0.99
22,57,"2021-04-04 00:00:00",700,1,0.99
23,59,"2021-04-05 00:00:00",702,1,0.99
23,59,"2021-04-05 00:00:00",704,1,0.99
23,59,"2021-04-05 00:00:00",706,1,0.99
23,59,"2021-04-05 00:00:00",708,1,0.99
24,4,"2021-04-06 00:00:00",712,1,0.99
24,4,"2021-04-06 00:00:00",716,1,0.99
24,4,"2021-04-06 00:00:00",720,1,0.99
24,4,"2021-04-06 00:00:00",724,1,0.99
24,4,"2021-04-06 00:00:00",728,1,0.99
24,4,"2021-04-06 00:00:00",732,1,0.99
25,10,"2021-04-09 00:00:00",738,1,0.99
25,10,"2021-04-09 00:00:00",744,1,0.99
25,10,"2021-04-09 00:00:00",750,1,0.99
25,10,"2021-04-09 00:00:00",756,1,0.99
25,10,"2021-04-09 00:00:00",762,1,0.99
25,10,"2021-04-09 00:00:00",768,1,0.99
25,10,"2021-04-09 00:00:00",774,1,0.99
25,10,"2021-04-09 00:00:00",780,1,0.99
25,10,"2021-04-09 00:00:00",786,1,0.99
26,19,"2021-04-14 00:00:00",795,1,0.99
26,19,"2021-04-14 00:00:00",804,1,0.99
26,19,"2021-04-14 00:00:00",813,1,0.99
26,19,"2021-04-14 00:00:00",822,1,0.99
26,19,"2021-04-14 00:00:00",831,1,0.99
26,19,"2021-04-14 00:00:00",840,1,0.99
26,19,"2021-04-14 00:00:00",849,1,0.99
26,19,"2021-04-14 00:00:00",858,1,0.99
26,19,"2021-04-14 00:00:00",867,1,0.99
26,19,"2021-04-14 00:00:00",876,1,0.99
26,19,"2021-04-14 00:00:00",885,1,0.99
26,19,"2021-04-14 00:00:00",894,1,0.99
26,19,"2021-04-14 00:00:00",903,1,0.99
26,19,"2021-04-14 00:00:00",912,1,0.99
27,33,"2021-04-22 00:00:00",926,1,0.99
28,34,"2021-05-05 00:00:00",927,1,0.99
28,34,"2021-05-05 00:00:00",928,1,0.99
29,36,"2021-05-05 00:00:00",930,1,0.99
29,36,"2021-05-05 00:00:00",932,1,0.99
30,38,"2021-05-06 00:00:00",934,1,0.99
30,38,"2021-05-06 00:00:00",936,1,0.99
30,38,"2021-05-06 00:00:00",938,1,0.99
30,38,"2021-05-06 00:00:00",940,1,0.99
31,42,"2021-05-07 00:00:00",944,1,0.99
31,42,"2021-05-07 00:00:00",948,1,0.99
31,42,"2021-05-07 00:00:00",952,1,0.99
31,42,"2021-05-07 00:00:00",956,1,0.99
31,42,"2021-05-07 00:00:00",960,1,0.99
31,42,"2021-05-07 00:00:00",964,1,0.99
32,48,"2021-05-10 00:00:00",970,1,0.99
32,48,"2021-05-10 00:00:00",976,1,0.99
32,48,"2021-05-10 00:00:00",982,1,0.99
32,48,"2021-05-10 00:00:00",988,1,0.99
32,48,"2021-05-10 00:00:00",994,1,0.99
32,48,"2021-05-10 00:00:00",1000,1,0.99
32,48,"2021-05-10 00:00:00",1006,1,0.99
32,48,"2021-05-10 00:00:00",1012,1,0.99
32,48,"2021-05-10 00:00:00",1018,1,0.99
33,57,"2021-05-15 00:00:00",1027,1,0.99
33,57,"2021-05-15 00:00:00",1036,1,0.99
33,57,"2021-05-15 00:00:00",1045,1,0.99
33,57,"2021-05-15 00:00:00",1054,1,0.99
33,57,"2021-05-15 00:00:00",1063,1,0.99
33,57,"2021-05-15 00:00:00",1072,1,0.99
33,57,"2021-05-15 00:00:00",1081,1,0.99
33,57,"2021-05-15 00:00:00",1090,1,0.99
33,57,"2021-05-15 00:00:00",1099,1,0.99
33,57,"2021-05-15 00:00:00",1108,1,0.99
33,57,"2021-05-15 00:00:00",1117,1,0.99
33,57,"2021-05-15 00:00:00",1126,1,0.99
33,57,"2021-05-15 00:00:00",1135,1,0.99
33,57,"2021-05-15 00:00:00",1144,1,0.99
34,12,"2021-05-23 00:00:00",1158,1,0.99
35,13,"2021-06-05 00:00:00",1159,1,0.99
35,13,"2021-06-05 00:00:00",1160,1,0.99
36,15,"2021-06-05 00:00:00",1162,1,0.99
36,15,"2021-06-05 00:00:00",1164,1,0.99
37,17,"2021-06-06 00:00:00",1166,1,0.99
37,17,"2021-06-06 00:00:00",1168,1,0.99
37,17,"2021-06-06 00:00:00",1170,1,0.99
37,17,"2021-06-06 00:00:00",1172,1,0.99
38,21,"2021-06-07 00:00:00",1176,1,0.99
38,21,"2021-06-07 00:00:00",1180,1,0.99
38,21,"2021-06-07 00:00:00",1184,1,0.99
38,21,"2021-06-07 00:00:00",1188,1,0.99
38,21,"2021-06-07 00:00:00",1192,1,0.99
38,21,"2021-06-07 00:00:00",1196,1,0.99
39,27,"2021-06-10 00:00:00",1202,1,0.99
39,27,"2021-06-10 00:00:00",1208,1,0.99
39,27,"2021-06-10 00:00:00",1214,1,0.99
39,27,"2021-06-10 00:00:00",1220,1,0.99
39,27,"2021-06-10 00:00:00",1226,1,0.99
39,27,"2021-06-10 00:00:00",1232,1,0.99
39,27,"2021-06-10 00:00:00",1238,1,0.99
39,27,"2021-06-10 00:00:00",1244,1,0.99
39,27,"2021-06-10 00:00:00",1250,1,0.99
40,36,"2021-06-15 00:00:00",1259,1,0.99
40,36,"2021-06-15 00:00:00",1268,1,0.99
40,36,"2021-06-15 00:00:00",1277,1,0.99
40,36,"2021-06-15 00:00:00",1286,1,0.99
40,36,"2021-06-15 00:00:00",1295,1,0.99
40,36,"2021-06-15 00:00:00",1304,1,0.99
40,36,"2021-06-15 00:00:00",1313,1,0.99
40,36,"2021-06-15 00:00:00",1322,1,0.99
40,36,"2021-06-15 00:00:00",1331,1,0.99
40,36,"2021-06-15 00:00:00",1340,1,0.99
40,36,"2021-06-15 00:00:00",1349,1,0.99
40,36,"2021-06-15 00:00:00",1358,1,0.99
40,36,"2021-06-15 00:00:00",1367,1,0.99
40,36,"2021-06-15 00:00:00",1376,1,0.99
41,50,"2021-06-23 00:00:00",1390,1,0.99
42,51,"2021-07-06 00:00:00",1391,1,0.99
42,51,"2021-07-06 00:00:00",1392,1,0.99
43,53,"2021-07-06 00:00:00",1394,1,0.99
43,53,"2021-07-06 00:00:00",1396,1,0.99
44,55,"2021-07-07 00:00:00",1398,1,0.99
44,55,"2021-07-07 00:00:00",1400,1,0.99
44,55,"2021-07-07 00:00:00",1402,1,0.99
44,55,"2021-07-07 00:00:00",1404,1,0.99
45,59,"2021-07-08 00:00:00",1408,1,0.99
45,59,"2021-07-08 00:00:00",1412,1,0.99
45,59,"2021-07-08 00:00:00",1416,1,0.99
45,59,"2021-07-08 00:00:00",1420,1,0.99
45,59,"2021-07-08 00:00:00",1424,1,0.99
45,59,"2021-07-08 00:00:00",1428,1,0.99
46,6,"2021-07-11 00:00:00",1434,1,0.99
46,6,"2021-07-11 00:00:00",1440,1,0.99
46,6,"2021-07-11 00:00:00",1446,1,0.99
46,6,"2021-07-11 00:00:00",1452,1,0.99
46,6,"2021-07-11 00:00:00",1458,1,0.99
46,6,"2021-07-11 00:00:00",1464,1,0.99
46,6,"2021-07-11 00:00:00",1470,1,0.99
46,6,"2021-07-11 00:00:00",1476,1,0.99
46,6,"2021-07-11 00:00:00",1482,1,0.99
47,15,"2021-07-16 00:00:00",1491,1,0.99
47,15,"2021-07-16 00:00:00",1500,1,0.99
47,15,"2021-07-16 00:00:00",1509,1,0.99
47,15,"2021-07-16 00:00:00",1518,1,0.99
47,15,"2021-07-16 00:00:00",1527,1,0.99
47,15,"2021-07-16 00:00:00",1536,1,0.99
47,15,"2021-07-16 00:00:00",1545,1,0.99
47,15,"2021-07-16 00:00:00",1554,1,0.99
47,15,"2021-07-16 00:00:00",1563,1,0.99
47,15,"2021-07-16 00:00:00",1572,1,0.99
47,15,"2021-07-16 00:00:00",1581,1,0.99
47,15,"2021-07-16 00:00:00",1590,1,0.99
47,15,"2021-07-16 00:00:00",1599,1,0.99
47,15,"2021-07-16 00:00:00",1608,1,0.99
48,29,"2021-07-24 00:00:00",1622,1,0.99
49,30,"2021-08-06 00:00:00",1623,1,0.99
49,30,"2021-08-06 00:00:00",1624,1,0.99
50,32,"2021-08-06 00:00:00",1626,1,0.99
50,32,"2021-08-06 00:00:00",1628,1,0.99
51,34,"2021-08-07 00:00:00",1630,1,0.99
51,34,"2021-08-07 00:00:00",1632,1,0.99
51,34,"2021-08-07 00:00:00",1634,1,0.99
51,34,"2021-08-07 00:00:00",1636,1,0.99
52,38,"2021-08-08 00:00:00",1640,1,0.99
52,38,"2021-08-08 00:00:00",1644,1,0.99
52,38,"2021-08-08 00:00:00",1648,1,0.99
52,38,"2021-08-08 00:00:00",1652,1,0.99
52,38,"2021-08-08 00:00:00",1656,1,0.99
52,38,"2021-08-08 00:00:00",1660,1,0.99
53,44,"2021-08-11 00:00:00",1666,1,0.99
53,44,"2021-08-11 00:00:00",1672,1,0.99
53,44,"2021-08-11 00:00:00",1678,1,0.99
53,44,"2021-08-11 00:00:00",1684,1,0.99
53,44,"2021-08-11 00:00:00",1690,1,0.99
53,44,"2021-08-11 00:00:00",1696,1,0.99
53,44,"2021-08-11 00:00:00",1702,1,0.99
53,44,"2021-08-11 00:00:00",1708,1,0.99
53,44,"2021-08-11 00:00:00",1714,1,0.99
54,53,"2021-08-16 00:00:00",1723,1,0.99
54,53,"2021-08-16 00:00:00",1732,1,0.99
54,53,"2021-08-16 00:00:00",1741,1,0.99
54,53,"2021-08-16 00:00:00",1750,1,0.99
54,53,"2021-08-16 00:00:00",1759,1,0.99
54,53,"2021-08-16 00:00:00",1768,1,0.99
54,53,"2021-08-16 00:00:00",1777,1,0.99
54,53,"2021-08-16 00:00:00",1786,1,0.99
54,53,"2021-08-16 00:00:00",1795,1,0.99
54,53,"2021-08-16 00:00:00",1804,1,0.99
54,53,"2021-08-16 00:00:00",1813,1,0.99
54,53,"2021-08-16 00:00:00",1822,1,0.99
54,53,"2021-08-16 00:00:00",1831,1,0.99
54,53,"2021-08-16 00:00:00",1840,1,0.99
55,8,"2021-08-24 00:00:00",1854,1,0.99
56,9,"2021-09-06 00:00:00",1855,1,0.99
56,9,"2021-09-06 00:00:00",1856,1,0.99
57,11,"2021-09-06 00:00:00",1858,1,0.99
57,11,"2021-09-06 00:00:00",1860,1,0.99
58,13,"2021-09-07 00:00:00",1862,1,0.99
58,13,"2021-09-07 00:00:00",1864,1,0.99
58,13,"2021-09-07 00:00:00",1866,1,0.99
58,13,"2021-09-07 00:00:00",1868,1,0.99
59,17,"2021-09-08 00:00:00",1872,1,0.99
59,17,"2021-09-08 00:00:00",1876,1,0.99
59,17,"2021-09-08 00:00:00",1880,1,0.99
59,17,"2021-09-08 00:00:00",1884,1,0.99
59,17,"2021-09-08 00:00:00",1888,1,0.99
59,17,"2021-09-08 00:00:00",1892,1,0.99
60,23,"2021-09-11 00:00:00",1898,1,0.99
60,23,"2021-09-11 00:00:00",1904,1,0.99
60,23,"2021-09-11 00:00:00",1910,1,0.99
60,23,"2021-09-11 00:00:00",1916,1,0.99
60,23,"2021-09-11 00:00:00",1922,1,0.99
60,23,"2021-09-11 00:00:00",1928,1,0.99
60,23,"2021-09-11 00:00:00",1934,1,0.99
60,23,"2021-09-11 00:00:00",1940,1,0.99
60,23,"2021-09-11 00:00:00",1946,1,0.99
61,32,"2021-09-16 00:00:00",1955,1,0.99
61,32,"2021-09-16 00:00:00",1964,1,0.99
61,32,"2021-09-16 00:00:00",1973,1,0.99
61,32,"2021-09-16 00:00:00",1982,1,0.99
61,32,"2021-09-16 00:00:00",1991,1,0.99
61,32,"2021-09-16 00:00:00",2000,1,0.99
61,32,"2021-09-16 00:00:00",2009,1,0.99
61,32,"2021-09-16 00:00:00",2018,1,0.99
61,32,"2021-09-16 00:00:00",2027,1,0.99
61,32,"2021-09-16 00:00:00",2036,1,0.99
61,32,"2021-09-16 00:00:00",2045,1,0.99
61,32,"2021-09-16 00:00:00",2054,1,0.99
61,32,"2021-09-16 00:00:00",2063,1,0.99
61,32,"2021-09-16 00:00:00",2072,1,0.99
62,46,"2021-09-24 00:00:00",2086,1,0.99
63,47,"2021-10-07 00:00:00",2087,1,0.99
63,47,"2021-10-07 00:00:00",2088,1,0.99
64,49,"2021-10-07 00:00:00",2090,1,0.99
64,49,"2021-10-07 00:00:00",2092,1,0.99
65,51,"2021-10-08 00:00:00",2094,1,0.99
65,51,"2021-10-08 00:00:00",2096,1,0.99
65,51,"2021-10-08 00:00:00",2098,1,0.99
65,51,"2021-10-08 00:00:00",2100,1,0.99
66,55,"2021-10-09 00:00:00",2104,1,0.99
66,55,"2021-10-09 00:00:00",2108,1,0.99
66,55,"2021-10-09 00:00:00",2112,1,0.99
66,55,"2021-10-09 00:00:00",2116,1,0.99
66,55,"2021-10-09 00:00:00",2120,1,0.99
66,55,"2021-10-09 00:00:00",2124,1,0.99
67,2,"2021-10-12 00:00:00",2130,1,0.99
67,2,"2021-10-12 00:00:00",2136,1,0.99
67,2,"2021-10-12 00:00:00",2142,1,0.99
67,2,"2021-10-12 00:00:00",2148,1,0.99
67,2,"2021-10-12 00:00:00",2154,1,0.99
67,2,"2021-10-12 00:00:00",2160,1,0.99
67,2,"2021-10-12 00:00:00",2166,1,0.99
67,2,"2021-10-12 00:00:00",2172,1,0.99
67,2,"2021-10-12 00:00:00",2178,1,0.99
68,11,"2021-10-17 00:00:00",2187,1,0.99
68,11,"2021-10-17 00:00:00",2196,1,0.99
68,11,"2021-10-17 00:00:00",2205,1,0.99
68,11,"2021-10-17 00:00:00",2214,1,0.99
68,11,"2021-10-17 00:00:00",2223,1,0.99
68,11,"2021-10-17 00:00:00",2232,1,0.99
68,11,"2021-10-17 00:00:00",2241,1,0.99
68,11,"2021-10-17 00:00:00",2250,1,0.99
68,11,"2021-10-17 00:00:00",2259,1,0.99
68,11,"2021-10-17 00:00:00",2268,1,0.99
68,11,"2021-10-17 00:00:00",2277,1,0.99
68,11,"2021-10-17 00:00:00",2286,1,0.99
68,11,"2021-10-17 00:00:00",2295,1,0.99
68,11,"2021-10-17 00:00:00",2304,1,0.99
69,25,"2021-10-25 00:00:00",2318,1,0.99
70,26,"2021-11-07 00:00:00",2319,1,0.99
70,26,"2021-11-07 00:00:00",2320,1,0.99
71,28,"2021-11-07 00:00:00",2322,1,0.99
71,28,"2021-11-07 00:00:00",2324,1,0.99
72,30,"2021-11-08 00:00:00",2326,1,0.99
72,30,"2021-11-08 00:00:00",2328,1,0.99
72,30,"2021-11-08 00:00:00",2330,1,0.99
72,30,"2021-11-08 00:00:00",2332,1,0.99
73,34,"2021-11-09 00:00:00",2336,1,0.99
73,34,"2021-11-09 00:00:00",2340,1,0.99
73,34,"2021-11-09 00:00:00",2344,1,0.99
73,34,"2021-11-09 00:00:00",2348,1,0.99
73,34,"2021-11-09 00:00:00",2352,1,0.99
73,34,"2021-11-09 00:00:00",2356,1,0.99
74,40,"2021-11-12 00:00:00",2362,1,0.99
74,40,"2021-11-12 00:00:00",2368,1,0.99
74,40,"2021-11-12 00:00:00",2374,1,0.99
74,40,"2021-11-12 00:00:00",2380,1,0.99
74,40,"2021-11-12 00:00:00",2386,1,0.99
74,40,"2021-11-12 00:00:00",2392,1,0.99
74,40,"2021-11-12 00:00:00",2398,1,0.99
74,40,"2021-11-12 00:00:00",2404,1,0.99
74,40,"2021-11-12 00:00:00",2410,1,0.99
75,49,"2021-11-17 00:00:00",2419,1,0.99
75,49,"2021-11-17 00:00:00",2428,1,0.99
75,49,"2021-11-17 00:00:00",2437,1,0.99
75,49,"2021-11-17 00:00:00",2446,1,0.99
75,49,"2021-11-17 00:00:00",2455,1,0.99
75,49,"2021-11-17 00:00:00",2464,1,0.99
75,49,"2021-11-17 00:00:00",2473,1,0.99
75,49,"2021-11-17 00:00:00",2482,1,0.99
75,49,"2021-11-17 00:00:00",2491,1,0.99
75,49,"2021-11-17 00:00:00",2500,1,0.99
75,49,"2021-11-17 00:00:00",2509,1,0.99
75,49,"2021-11-17 00:00:00",2518,1,0.99
75,49,"2021-11-17 00:00:00",2527,1,0.99
75,49,"2021-11-17 00:00:00",2536,1,0.99
76,4,"2021-11-25 00:00:00",2550,1,0.99
77,5,"2021-12-08 00:00:00",2551,1,0.99
77,5,"2021-12-08 00:00:00",2552,1,0.99
78,7,"2021-12-08 00:00:00",2554,1,0.99
78,7,"2021-12-08 00:00:00",2556,1,0.99
79,9,"2021-12-09 00:00:00",2558,1,0.99
79,9,"2021-12-09 00:00:00",2560,1,0.99
79,9,"2021-12-09 00:00:00",2562,1,0.99
79,9,"2021-12-09 00:00:00",2564,1,0.99
80,13,"2021-12-10 00:00:00",2568,1,0.99
80,13,"2021-12-10 00:00:00",2572,1,0.99
80,13,"2021-12-10 00:00:00",2576,1,0.99
80,13,"2021-12-10 00:00:00",2580,1,0.99
80,13,"2021-12-10 00:00:00",2584,1,0.99
80,13,"2021-12-10 00:00:00",2588,1,0.99
81,19,"2021-12-13 00:00:00",2594,1,0.99
81,19,"2021-12-13 00:00:00",2600,1,0.99
81,19,"2021-12-13 00:00:00",2606,1,0.99
81,19,"2021-12-13 00:00:00",2612,1,0.99
81,19,"2021-12-13 00:00:00",2618,1,0.99
81,19,"2021-12-13 00:00:00",2624,1,0.99
81,19,"2021-12-13 00:00:00",2630,1,0.99
81,19,"2021-12-13 00:00:00",2636,1,0.99
81,19,"2021-12-13 00:00:00",2642,1,0.99
82,28,"2021-12-18 00:00:00",2651,1,0.99
82,28,"2021-12-18 00:00:00",2660,1,0.99
82,28,"2021-12-18 00:00:00",2669,1,0.99
82,28,"2021-12-18 00:00:00",2678,1,0.99
82,28,"2021-12-18 00:00:00",2687,1,0.99
82,28,"2021-12-18 00:00:00",2696,1,0.99
82,28,"2021-12-18 00:00:00",2705,1,0.99
82,28,"2021-12-18 00:00:00",2714,1,0.99
82,28,"2021-12-18 00:00:00",2723,1,0.99
82,28,"2021-12-18 00:00:00",2732,1,0.99
82,28,"2021-12-18 00:00:00",2741,1,0.99
82,28,"2021-12-18 00:00:00",2750,1,0.99
82,28,"2021-12-18 00:00:00",2759,1,0.99
82,28,"2021-12-18 00:00:00",2768,1,0.99
83,42,"2021-12-26 00:00:00",2782,1,0.99
84,43,"2022-01-08 00:00:00",2783,1,0.99
84,43,"2022-01-08 00:00:00",2784,1,0.99
85,45,"2022-01-08 00:00:00",2786,1,0.99
85,45,"2022-01-08 00:00:00",2788,1,0.99
86,47,"2022-01-09 00:00:00",2790,1,0.99
86,47,"2022-01-09 00:00:00",2792,1,0.99
86,47,"2022-01-09 00:00:00",2794,1,0.99
86,47,"2022-01-09 00:00:00",2796,1,0.99
87,51,"2022-01-10 00:00:00",2800,1,0.99
87,51,"2022-01-10 00:00:00",2804,1,0.99
87,51,"2022-01-10 00:00:00",2808,1,0.99
87,51,"2022-01-10 00:00:00",2812,1,0.99
87,51,"2022-01-10 00:00:00",2816,1,0.99
87,51,"2022-01-10 00:00:00",2820,1,1.99
88,57,"2022-01-13 00:00:00",2826,1,1.99
88,57,"2022-01-13 00:00:00",2832,1,1.99
88,57,"2022-01-13 00:00:00",2838,1,1.99
88,57,"2022-01-13 00:00:00",2844,1,1.99
88,57,"2022-01-13 00:00:00",2850,1,1.99
88,57,"2022-01-13 00:00:00",2856,1,1.99
88,57,"2022-01-13 00:00:00",2862,1,1.99
88,57,"2022-01-13 00:00:00",2868,1,1.99
88,57,"2022-01-13 00:00:00",2874,1,1.99
89,7,"2022-01-18 00:00:00",2883,1,1.99
89,7,"2022-01-18 00:00:00",2892,1,1.99
89,7,"2022-01-18 00:00:00",2901,1,1.99
89,7,"2022-01-18 00:00:00",2910,1,1.99
89,7,"2022-01-18 00:00:00",2919,1,1.99
89,7,"2022-01-18 00:00:00",2928,1,0.99
89,7,"2022-01-18 00:00:00",2937,1,0.99
89,7,"2022-01-18 00:00:00",2946,1,0.99
89,7,"2022-01-18 00:00:00",2955,1,0.99
89,7,"2022-01-18 00:00:00",2964,1,0.99
89,7,"2022-01-18 00:00:00",2973,1,0.99
89,7,"2022-01-18 00:00:00",2982,1,0.99
89,7,"2022-01-18 00:00:00",2991,1,0.99
89,7,"2022-01-18 00:00:00",3000,1,0.99
90,21,"2022-01-26 00:00:00",3014,1,0.99
91,22,"2022-02-08 00:00:00",3015,1,0.99
91,22,"2022-02-08 00:00:00",3016,1,0.99
92,24,"2022-02-08 00:00:00",3018,1,0.99
92,24,"2022-02-08 00:00:00",3020,1,0.99
93,26,"2022-02-09 00:00:00",3022,1,0.99
93,26,"2022-02-09 00:00:00",3024,1,0.99
93,26,"2022-02-09 00:00:00",3026,1,0.99
93,26,"2022-02-09 00:00:00",3028,1,0.99
94,30,"2022-02-10 00:00:00",3032,1,0.99
94,30,"2022-02-10 00:00:00",3036,1,0.99
94,30,"2022-02-10 00:00:00",3040,1,0.99
94,30,"2022-02-10 00:00:00",3044,1,0.99
94,30,"2022-02-10 00:00:00",3048,1,0.99
94,30,"2022-02-10 00:00:00",3052,1,0.99
95,36,"2022-02-13 00:00:00",3058,1,0.99
95,36,"2022-02-13 00:00:00",3064,1,0.99
95,36,"2022-02-13 00:00:00",3070,1,0.99
95,36,"2022-02-13 00:00:00",3076,1,0.99
95,36,"2022-02-13 00:00:00",3082,1,0.99
95,36,"2022-02-13 00:00:00",3088,1,0.99
95,36,"2022-02-13 00:00:00",3094,1,0.99
95,36,"2022-02-13 00:00:00",3100,1,0.99
95,36,"2022-02-13 00:00:00",3106,1,0.99
96,45,"2022-02-18 00:00:00",3115,1,0.99
96,45,"2022-02-18 00:00:00",3124,1,0.99
96,45,"2022-02-18 00:00:00",3133,1,0.99
96,45,"2022-02-18 00:00:00",3142,1,0.99
96,45,"2022-02-18 00:00:00",3151,1,0.99
96,45,"2022-02-18 00:00:00",3160,1,0.99
96,45,"2022-02-18 00:00:00",3169,1,1.99
96,45,"2022-02-18 00:00:00",3178,1,1.99
96,45,"2022-02-18 00:00:00",3187,1,1.99
96,45,"2022-02-18 00:00:00",3196,1,1.99
96,45,"2022-02-18 00:00:00",3205,1,1.99
96,45,"2022-02-18 00:00:00",3214,1,1.99
96,45,"2022-02-18 00:00:00",3223,1,1.99
96,45,"2022-02-18 00:00:00",3232,1,1.99
97,59,"2022-02-26 00:00:00",3246,1,1.99
98,1,"2022-03-11 00:00:00",3247,1,1.99
98,1,"2022-03-11 00:00:00",3248,1,1.99
99,3,"2022-03-11 00:00:00",3250,1,1.99
99,3,"2022-03-11 00:00:00",3252,1,1.99
100,5,"2022-03-12 00:00:00",3254,1,0.99
100,5,"2022-03-12 00:00:00",3256,1,0.99
100,5,"2022-03-12 00:00:00",3258,1,0.99
100,5,"2022-03-12 00:00:00",3260,1,0.99
101,9,"2022-03-13 00:00:00",3264,1,0.99
101,9,"2022-03-13 00:00:00",3268,1,0.99
101,9,"2022-03-13 00:00:00",3272,1,0.99
101,9,"2022-03-13 00:00:00",3276,1,0.99
101,9,"2022-03-13 00:00:00",3280,1,0.99
101,9,"2022-03-13 00:00:00",3284,1,0.99
102,15,"2022-03-16 00:00:00",3290,1,0.99
102,15,"2022-03-16 00:00:00",3296,1,0.99
102,15,"2022-03-16 00:00:00",3302,1,0.99
102,15,"2022-03-16 00:00:00",3308,1,0.99
102,15,"2022-03-16 00:00:00",3314,1,0.99
102,15,"2022-03-16 00:00:00",3320,1,0.99
102,15,"2022-03-16 00:00:00",3326,1,0.99
102,15,"2022-03-16 00:00:00",3332,1,0.99
102,15,"2022-03-16 00:00:00",3338,1,1.99
103,24,"2022-03-21 00:00:00",3347,1,1.99
103,24,"2022-03-21 00:00:00",3356,1,0.99
103,24,"2022-03-21 00:00:00",3365,1,0.99
103,24,"2022-03-21 00:00:00",3374,1,0.99
103,24,"2022-03-21 00:00:00",3383,1,0.99
103,24,"2022-03-21 00:00:00",3392,1,0.99
103,24,"2022-03-21 00:00:00",3401,1,0.99
103,24,"2022-03-21 00:00:00",3410,1,0.99
103,24,"2022-03-21 00:00:00",3419,1,0.99
103,24,"2022-03-21 00:00:00",3428,1,1.99
103,24,"2022-03-21 00:00:00",3437,1,0.99
103,24,"2022-03-21 00:00:00",3446,1,0.99
103,24,"2022-03-21 00:00:00",3455,1,0.99
103,24,"2022-03-21 00:00:00",3464,1,0.99
104,38,"2022-03-29 00:00:00",3478,1,0.99
105,39,"2022-04-11 00:00:00",3479,1,0.99
105,39,"2022-04-11 00:00:00",3480,1,0.99
106,41,"2022-04-11 00:00:00",3482,1,0.99
106,41,"2022-04-11 00:00:00",3484,1,0.99
107,43,"2022-04-12 00:00:00",3486,1,0.99
107,43,"2022-04-12 00:00:00",3488,1,0.99
107,43,"2022-04-12 00:00:00",3490,1,0.99
107,43,"2022-04-12 00:00:00",3492,1,0.99
108,47,"2022-04-13 00:00:00",3496,1,0.99
108,47,"2022-04-13 00:00:00",3500,1,0.99
108,47,"2022-04-13 00:00:00",1,1,0.99
108,47,"2022-04-13 00:00:00",5,1,0.99
108,47,"2022-04-13 00:00:00",9,1,0.99
108,47,"2022-04-13 00:00:00",13,1,0.99
109,53,"2022-04-16 00:00:00",19,1,0.99
109,53,"2022-04-16 00:00:00",25,1,0.99
109,53,"2022-04-16 00:00:00",31,1,0.99
109,53,"2022-04-16 00:00:00",37,1,0.99
109,53,"2022-04-16 00:00:00",43,1,0.99
109,53,"2022-04-16 00:00:00",49,1,0.99
109,53,"2022-04-16 00:00:00",55,1,0.99
109,53,"2022-04-16 00:00:00",61,1,0.99
109,53,"2022-04-16 00:00:00",67,1,0.99
110,3,"2022-04-21 00:00:00",76,1,0.99
110,3,"2022-04-21 00:00:00",85,1,0.99
110,3,"2022-04-21 00:00:00",94,1,0.99
110,3,"2022-04-21 00:00:00",103,1,0.99
110,3,"2022-04-21 00:00:00",112,1,0.99
110,3,"2022-04-21 00:00:00",121,1,0.99
110,3,"2022-04-21 00:00:00",130,1,0.99
110,3,"2022-04-21 00:00:00",139,1,0.99
110,3,"2022-04-21 00:00:00",148,1,0.99
110,3,"2022-04-21 00:00:00",157,1,0.99
110,3,"2022-04-21 00:00:00",166,1,0.99
110,3,"2022-04-21 00:00:00",175,1,0.99
110,3,"2022-04-21 00:00:00",184,1,0.99
110,3,"2022-04-21 00:00:00",193,1,0.99
111,17,"2022-04-29 00:00:00",207,1,0.99
112,18,"2022-05-12 00:00:00",208,1,0.99
112,18,"2022-05-12 00:00:00",209,1,0.99
113,20,"2022-05-12 00:00:00",211,1,0.99
113,20,"2022-05-12 00:00:00",213,1,0.99
114,22,"2022-05-13 00:00:00",215,1,0.99
114,22,"2022-05-13 00:00:00",217,1,0.99
114,22,"2022-05-13 00:00:00",219,1,0.99
114,22,"2022-05-13 00:00:00",221,1,0.99
115,26,"2022-05-14 00:00:00",225,1,0.99
115,26,"2022-05-14 00:00:00",229,1,0.99
115,26,"2022-05-14 00:00:00",233,1,0.99
115,26,"2022-05-14 00:00:00",237,1,0.99
115,26,"2022-05-14 00:00:00",241,1,0.99
115,26,"2022-05-14 00:00:00",245,1,0.99
116,32,"2022-05-17 00:00:00",251,1,0.99
116,32,"2022-05-17 00:00:00",257,1,0.99
116,32,"2022-05-17 00:00:00",263,1,0.99
116,32,"2022-05-17 00:00:00",269,1,0.99
116,32,"2022-05-17 00:00:00",275,1,0.99
116,32,"2022-05-17 00:00:00",281,1,0.99
116,32,"2022-05-17 00:00:00",287,1,0.99
116,32,"2022-05-17 00:00:00",293,1,0.99
116,32,"2022-05-17 00:00:00",299,1,0.99
117,41,"2022-05-22 00:00:00",308,1,0.99
117,41,"2022-05-22 00:00:00",317,1,0.99
117,41,"2022-05-22 00:00:00",326,1,0.99
117,41,"2022-05-22 00:00:00",335,1,0.99
117,41,"2022-05-22 00:00:00",344,1,0.99
117,41,"2022-05-22 00:00:00",353,1,0.99
117,41,"2022-05-22 00:00:00",362,1,0.99
117,41,"2022-05-22 00:00:00",371,1,0.99
117,41,"2022-05-22 00:00:00",380,1,0.99
117,41,"2022-05-22 00:00:00",389,1,0.99
117,41,"2022-05-22 00:00:00",398,1,0.99
117,41,"2022-05-22 00:00:00",407,1,0.99
117,41,"2022-05-22 00:00:00",416,1,0.99
117,41,"2022-05-22 00:00:00",425,1,0.99
118,55,"2022-05-30 00:00:00",439,1,0.99
119,56,"2022-06-12 00:00:00",440,1,0.99
119,56,"2022-06-12 00:00:00",441,1,0.99
120,58,"2022-06-12 00:00:00",443,1,0.99
120,58,"2022-06-12 00:00:00",445,1,0.99
121,1,"2022-06-13 00:00:00",447,1,0.99
121,1,"2022-06-13 00:00:00",449,1,0.99
121,1,"2022-06-13 00:00:00",451,1,0.99
121,1,"2022-06-13 00:00:00",453,1,0.99
122,5,"2022-06-14 00:00:00",457,1,0.99
122,5,"2022-06-14 00:00:00",461,1,0.99
122,5,"2022-06-14 00:00:00",465,1,0.99
122,5,"2022-06-14 00:00:00",469,1,0.99
122,5,"2022-06-14 00:00:00",473,1,0.99
122,5,"2022-06-14 00:00:00",477,1,0.99
123,11,"2022-06-17 00:00:00",483,1,0.99
123,11,"2022-06-17 00:00:00",489,1,0.99
123,11,"2022-06-17 00:00:00",495,1,0.99
123,11,"2022-06-17 00:00:00",501,1,0.99
123,11,"2022-06-17 00:00:00",507,1,0.99
123,11,"2022-06-17 00:00:00",513,1,0.99
123,11,"2022-06-17 00:00:00",519,1,0.99
123,11,"2022-06-17 00:00:00",525,1,0.99
123,11,"2022-06-17 00:00:00",531,1,0.99
124,20,"2022-06-22 00:00:00",540,1,0.99
124,20,"2022-06-22 00:00:00",549,1,0.99
124,20,"2022-06-22 00:00:00",558,1,0.99
124,20,"2022-06-22 00:00:00",567,1,0.99
124,20,"2022-06-22 00:00:00",576,1,0.99
124,20,"2022-06-22 00:00:00",585,1,0.99
124,20,"2022-06-22 00:00:00",594,1,0.99
124,20,"2022-06-22 00:00:00",603,1,0.99
124,20,"2022-06-22 00:00:00",612,1,0.99
124,20,"2022-06-22 00:00:00",621,1,0.99
124,20,"2022-06-22 00:00:00",630,1,0.99
124,20,"2022-06-22 00:00:00",639,1,0.99
124,20,"2022-06-22 00:00:00",648,1,0.99
124,20,"2022-06-22 00:00:00",657,1,0.99
125,34,"2022-06-30 00:00:00",671,1,0.99
126,35,"2022-07-13 00:00:00",672,1,0.99
126,35,"2022-07-13 00:00:00",673,1,0.99
127,37,"2022-07-13 00:00:00",675,1,0.99
127,37,"2022-07-13 00:00:00",677,1,0.99
128,39,"2022-07-14 00:00:00",679,1,0.99
128,39,"2022-07-14 00:00:00",681,1,0.99
128,39,"2022-07-14 00:00:00",683,1,0.99
128,39,"2022-07-14 00:00:00",685,1,0.99
129,43,"2022-07-15 00:00:00",689,1,0.99
129,43,"2022-07-15 00:00:00",693,1,0.99
129,43,"2022-07-15 00:00:00",697,1,0.99
129,43,"2022-07-15 00:00:00",701,1,0.99
129,43,"2022-07-15 00:00:00",705,1,0.99
129,43,"2022-07-15 00:00:00",709,1,0.99
130,49,"2022-07-18 00:00:00",715,1,0.99
130,49,"2022-07-18 00:00:00",721,1,0.99
130,49,"2022-07-18 00:00:00",727,1,0.99
130,49,"2022-07-18 00:00:00",733,1,0.99
130,49,"2022-07-18 00:00:00",739,1,0.99
130,49,"2022-07-18 00:00:00",745,1,0.99
130,49,"2022-07-18 00:00:00",751,1,0.99
130,49,"2022-07-18 00:00:00",757,1,0.99
130,49,"2022-07-18 00:00:00",763,1,0.99
131,58,"2022-07-23 00:00:00",772,1,0.99
131,58,"2022-07-23 00:00:00",781,1,0.99
131,58,"2022-07-23 00:00:00",790,1,0.99
131,58,"2022-07-23 00:00:00",799,1,0.99
131,58,"2022-07-23 00:00:00",808,1,0.99
131,58,"2022-07-23 00:00:00",817,1,0.99
131,58,"2022-07-23 00:00:00",826,1,0.99
131,58,"2022-07-23 00:00:00",835,1,0.99
131,58,"2022-07-23 00:00:00",844,1,0.99
131,58,"2022-07-23 00:00:00",853,1,0.99
131,58,"2022-07-23 00:00:00",862,1,0.99
131,58,"2022-07-23 00:00:00",871,1,0.99
131,58,"2022-07-23 00:00:00",880,1,0.99
131,58,"2022-07-23 00:00:00",889,1,0.99
132,13,"2022-07-31 00:00:00",903,1,0.99
133,14,"2022-08-13 00:00:00",904,1,0.99
133,14,"2022-08-13 00:00:00",905,1,0.99
134,16,"2022-08-13 00:00:00",907,1,0.99
134,16,"2022-08-13 00:00:00",909,1,0.99
135,18,"2022-08-14 00:00:00",911,1,0.99
135,18,"2022-08-14 00:00:00",913,1,0.99
135,18,"2022-08-14 00:00:00",915,1,0.99
135,18,"2022-08-14 00:00:00",917,1,0.99
136,22,"2022-08-15 00:00:00",921,1,0.99
136,22,"2022-08-15 00:00:00",925,1,0.99
136,22,"2022-08-15 00:00:00",929,1,0.99
136,22,"2022-08-15 00:00:00",933,1,0.99
136,22,"2022-08-15 00:00:00",937,1,0.99
136,22,"2022-08-15 00:00:00",941,1,0.99
137,28,"2022-08-18 00:00:00",947,1,0.99
137,28,"2022-08-18 00:00:00",953,1,0.99
137,28,"2022-08-18 00:00:00",959,1,0.99
137,28,"2022-08-18 00:00:00",965,1,0.99
137,28,"2022-08-18 00:00:00",971,1,0.99
137,28,"2022-08-18 00:00:00",977,1,0.99
137,28,"2022-08-18 00:00:00",983,1,0.99
137,28,"2022-08-18 00:00:00",989,1,0.99
137,28,"2022-08-18 00:00:00",995,1,0.99
138,37,"2022-08-23 00:00:00",1004,1,0.99
138,37,"2022-08-23 00:00:00",1013,1,0.99
138,37,"2022-08-23 00:00:00",1022,1,0.99
138,37,"2022-08-23 00:00:00",1031,1,0.99
138,37,"2022-08-23 00:00:00",1040,1,0.99
138,37,"2022-08-23 00:00:00",1049,1,0.99
138,37,"2022-08-23 00:00:00",1058,1,0.99
138,37,"2022-08-23 00:00:00",1067,1,0.99
138,37,"2022-08-23 00:00:00",1076,1,0.99
138,37,"2022-08-23 00:00:00",1085,1,0.99
138,37,"2022-08-23 00:00:00",1094,1,0.99
138,37,"2022-08-23 00:00:00",1103,1,0.99
138,37,"2022-08-23 00:00:00",1112,1,0.99
138,37,"2022-08-23 00:00:00",1121,1,0.99
139,51,"2022-08-31 00:00:00",1135,1,0.99
140,52,"2022-09-13 00:00:00",1136,1,0.99
140,52,"2022-09-13 00:00:00",1137,1,0.99
141,54,"2022-09-13 00:00:00",1139,1,0.99
141,54,"2022-09-13 00:00:00",1141,1,0.99
142,56,"2022-09-14 00:00:00",1143,1,0.99
142,56,"2022-09-14 00:00:00",1145,1,0.99
142,56,"2022-09-14 00:00:00",1147,1,0.99
142,56,"2022-09-14 00:00:00",1149,1,0.99
143,1,"2022-09-15 00:00:00",1153,1,0.99
143,1,"2022-09-15 00:00:00",1157,1,0.99
143,1,"2022-09-15 00:00:00",1161,1,0.99
143,1,"2022-09-15 00:00:00",1165,1,0.99
143,1,"2022-09-15 00:00:00",1169,1,0.99
143,1,"2022-09-15 00:00:00",1173,1,0.99
144,7,"2022-09-18 00:00:00",1179,1,0.99
144,7,"2022-09-18 00:00:00",1185,1,0.99
144,7,"2022-09-18 00:00:00",1191,1,0.99
144,7,"2022-09-18 00:00:00",1197,1,0.99
144,7,"2022-09-18 00:00:00",1203,1,0.99
144,7,"2022-09-18 00:00:00",1209,1,0.99
144,7,"2022-09-18 00:00:00",1215,1,0.99
144,7,"2022-09-18 00:00:00",1221,1,0.99
144,7,"2022-09-18 00:00:00",1227,1,0.99
145,16,"2022-09-23 00:00:00",1236,1,0.99
145,16,"2022-09-23 00:00:00",1245,1,0.99
145,16,"2022-09-23 00:00:00",1254,1,0.99
145,16,"2022-09-23 00:00:00",1263,1,0.99
145,16,"2022-09-23 00:00:00",1272,1,0.99
145,16,"2022-09-23 00:00:00",1281,1,0.99
145,16,"2022-09-23 00:00:00",1290,1,0.99
145,16,"2022-09-23 00:00:00",1299,1,0.99
145,16,"2022-09-23 00:00:00",1308,1,0.99
145,16,"2022-09-23 00:00:00",1317,1,0.99
145,16,"2022-09-23 00:00:00",1326,1,0.99
145,16,"2022-09-23 00:00:00",1335,1,0.99
145,16,"2022-09-23 00:00:00",1344,1,0.99
145,16,"2022-09-23 00:00:00",1353,1,0.99
146,30,"2022-10-01 00:00:00",1367,1,0.99
147,31,"2022-10-14 00:00:00",1368,1,0.99
147,31,"2022-10-14 00:00:00",1369,1,0.99
148,33,"2022-10-14 00:00:00",1371,1,0.99
148,33,"2022-10-14 00:00:00",1373,1,0.99
149,35,"2022-10-15 00:00:00",1375,1,0.99
149,35,"2022-10-15 00:00:00",1377,1,0.99
149,35,"2022-10-15 00:00:00",1379,1,0.99
149,35,"2022-10-15 00:00:00",1381,1,0.99
150,39,"2022-10-16 00:00:00",1385,1,0.99
150,39,"2022-10-16 00:00:00",1389,1,0.99
150,39,"2022-10-16 00:00:00",1393,1,0.99
150,39,"2022-10-16 00:00:00",1397,1,0.99
150,39,"2022-10-16 00:00:00",1401,1,0.99
150,39,"2022-10-16 00:00:00",1405,1,0.99
151,45,"2022-10-19 00:00:00",1411,1,0.99
151,45,"2022-10-19 00:00:00",1417,1,0.99
151,45,"2022-10-19 00:00:00",1423,1,0.99
151,45,"2022-10-19 00:00:00",1429,1,0.99
151,45,"2022-10-19 00:00:00",1435,1,0.99
151,45,"2022-10-19 00:00:00",1441,1,0.99
151,45,"2022-10-19 00:00:00",1447,1,0.99
151,45,"2022-10-19 00:00:00",1453,1,0.99
151,45,"2022-10-19 00:00:00",1459,1,0.99
152,54,"2022-10-24 00:00:00",1468,1,0.99
152,54,"2022-10-24 00:00:00",1477,1,0.99
152,54,"2022-10-24 00:00:00",1486,1,0.99
152,54,"2022-10-24 00:00:00",1495,1,0.99
152,54,"2022-10-24 00:00:00",1504,1,0.99
152,54,"2022-10-24 00:00:00",1513,1,0.99
152,54,"2022-10-24 00:00:00",1522,1,0.99
152,54,"2022-10-24 00:00:00",1531,1,0.99
152,54,"2022-10-24 00:00:00",1540,1,0.99
152,54,"2022-10-24 00:00:00",1549,1,0.99
152,54,"2022-10-24 00:00:00",1558,1,0.99
152,54,"2022-10-24 00:00:00",1567,1,0.99
152,54,"2022-10-24 00:00:00",1576,1,0.99
152,54,"2022-10-24 00:00:00",1585,1,0.99
153,9,"2022-11-01 00:00:00",1599,1,0.99
154,10,"2022-11-14 00:00:00",1600,1,0.99
154,10,"2022-11-14 00:00:00",1601,1,0.99
155,12,"2022-11-14 00:00:00",1603,1,0.99
155,12,"2022-11-14 00:00:00",1605,1,0.99
156,14,"2022-11-15 00:00:00",1607,1,0.99
156,14,"2022-11-15 00:00:00",1609,1,0.99
156,14,"2022-11-15 00:00:00",1611,1,0.99
156,14,"2022-11-15 00:00:00",1613,1,0.99
157,18,"2022-11-16 00:00:00",1617,1,0.99
157,18,"2022-11-16 00:00:00",1621,1,0.99
157,18,"2022-11-16 00:00:00",1625,1,0.99
157,18,"2022-11-16 00:00:00",1629,1,0.99
157,18,"2022-11-16 00:00:00",1633,1,0.99
157,18,"2022-11-16 00:00:00",1637,1,0.99
158,24,"2022-11-19 00:00:00",1643,1,0.99
158,24,"2022-11-19 00:00:00",1649,1,0.99
158,24,"2022-11-19 00:00:00",1655,1,0.99
158,24,"2022-11-19 00:00:00",1661,1,0.99
158,24,"2022-11-19 00:00:00",1667,1,0.99
158,24,"2022-11-19 00:00:00",1673,1,0.99
158,24,"2022-11-19 00:00:00",1679,1,0.99
158,24,"2022-11-19 00:00:00",1685,1,0.99
158,24,"2022-11-19 00:00:00",1691,1,0.99
159,33,"2022-11-24 00:00:00",1700,1,0.99
159,33,"2022-11-24 00:00:00",1709,1,0.99
159,33,"2022-11-24 00:00:00",1718,1,0.99
159,33,"2022-11-24 00:00:00",1727,1,0.99
159,33,"2022-11-24 00:00:00",1736,1,0.99
159,33,"2022-11-24 00:00:00",1745,1,0.99
159,33,"2022-11-24 00:00:00",1754,1,0.99
159,33,"2022-11-24 00:00:00",1763,1,0.99
159,33,"2022-11-24 00:00:00",1772,1,0.99
159,33,"2022-11-24 00:00:00",1781,1,0.99
159,33,"2022-11-24 00:00:00",1790,1,0.99
159,33,"2022-11-24 00:00:00",1799,1,0.99
159,33,"2022-11-24 00:00:00",1808,1,0.99
159,33,"2022-11-24 00:00:00",1817,1,0.99
160,47,"2022-12-02 00:00:00",1831,1,0.99
161,48,"2022-12-15 00:00:00",1832,1,0.99
161,48,"2022-12-15 00:00:00",1833,1,0.99
162,50,"2022-12-15 00:00:00",1835,1,0.99
162,50,"2022-12-15 00:00:00",1837,1,0.99
163,52,"2022-12-16 00:00:00",1839,1,0.99
163,52,"2022-12-16 00:00:00",1841,1,0.99
163,52,"2022-12-16 00:00:00",1843,1,0.99
163,52,"2022-12-16 00:00:00",1845,1,0.99
164,56,"2022-12-17 00:00:00",1849,1,0.99
164,56,"2022-12-17 00:00:00",1853,1,0.99
164,56,"2022-12-17 00:00:00",1857,1,0.99
164,56,"2022-12-17 00:00:00",1861,1,0.99
164,56,"2022-12-17 00:00:00",1865,1,0.99
164,56,"2022-12-17 00:00:00",1869,1,0.99
165,3,"2022-12-20 00:00:00",1875,1,0.99
165,3,"2022-12-20 00:00:00",1881,1,0.99
165,3,"2022-12-20 00:00:00",1887,1,0.99
165,3,"2022-12-20 00:00:00",1893,1,0.99
165,3,"2022-12-20 00:00:00",1899,1,0.99
165,3,"2022-12-20 00:00:00",1905,1,0.99
165,3,"2022-12-20 00:00:00",1911,1,0.99
165,3,"2022-12-20 00:00:00",1917,1,0.99
165,3,"2022-12-20 00:00:00",1923,1,0.99
166,12,"2022-12-25 00:00:00",1932,1,0.99
166,12,"2022-12-25 00:00:00",1941,1,0.99
166,12,"2022-12-25 00:00:00",1950,1,0.99
166,12,"2022-12-25 00:00:00",1959,1,0.99
166,12,"2022-12-25 00:00:00",1968,1,0.99
166,12,"2022-12-25 00:00:00",1977,1,0.99
166,12,"2022-12-25 00:00:00",1986,1,0.99
166,12,"2022-12-25 00:00:00",1995,1,0.99
166,12,"2022-12-25 00:00:00",2004,1,0.99
166,12,"2022-12-25 00:00:00",2013,1,0.99
166,12,"2022-12-25 00:00:00",2022,1,0.99
166,12,"2022-12-25 00:00:00",2031,1,0.99
166,12,"2022-12-25 00:00:00",2040,1,0.99
166,12,"2022-12-25 00:00:00",2049,1,0.99
167,26,"2023-01-02 00:00:00",2063,1,0.99
168,27,"2023-01-15 00:00:00",2064,1,0.99
168,27,"2023-01-15 00:00:00",2065,1,0.99
169,29,"2023-01-15 00:00:00",2067,1,0.99
169,29,"2023-01-15 00:00:00",2069,1,0.99
170,31,"2023-01-16 00:00:00",2071,1,0.99
170,31,"2023-01-16 00:00:00",2073,1,0.99
170,31,"2023-01-16 00:00:00",2075,1,0.99
170,31,"2023-01-16 00:00:00",2077,1,0.99
171,35,"2023-01-17 00:00:00",2081,1,0.99
171,35,"2023-01-17 00:00:00",2085,1,0.99
171,35,"2023-01-17 00:00:00",2089,1,0.99
171,35,"2023-01-17 00:00:00",2093,1,0.99
171,35,"2023-01-17 00:00:00",2097,1,0.99
171,35,"2023-01-17 00:00:00",2101,1,0.99
172,41,"2023-01-20 00:00:00",2107,1,0.99
172,41,"2023-01-20 00:00:00",2113,1,0.99
172,41,"2023-01-20 00:00:00",2119,1,0.99
172,41,"2023-01-20 00:00:00",2125,1,0.99
172,41,"2023-01-20 00:00:00",2131,1,0.99
172,41,"2023-01-20 00:00:00",2137,1,0.99
172,41,"2023-01-20 00:00:00",2143,1,0.99
172,41,"2023-01-20 00:00:00",2149,1,0.99
172,41,"2023-01-20 00:00:00",2155,1,0.99
173,50,"2023-01-25 00:00:00",2164,1,0.99
173,50,"2023-01-25 00:00:00",2173,1,0.99
173,50,"2023-01-25 00:00:00",2182,1,0.99
173,50,"2023-01-25 00:00:00",2191,1,0.99
173,50,"2023-01-25 00:00:00",2200,1,0.99
173,50,"2023-01-25 00:00:00",2209,1,0.99
173,50,"2023-01-25 00:00:00",2218,1,0.99
173,50,"2023-01-25 00:00:00",2227,1,0.99
173,50,"2023-01-25 00:00:00",2236,1,0.99
173,50,"2023-01-25 00:00:00",2245,1,0.99
173,50,"2023-01-25 00:00:00",2254,1,0.99
173,50,"2023-01-25 00:00:00",2263,1,0.99
173,50,"2023-01-25 00:00:00",2272,1,0.99
173,50,"2023-01-25 00:00:00",2281,1,0.99
174,5,"2023-02-02 00:00:00",2295,1,0.99
175,6,"2023-02-15 00:00:00",2296,1,0.99
175,6,"2023-02-15 00:00:00",2297,1,0.99
176,8,"2023-02-15 00:00:00",2299,1,0.99
176,8,"2023-02-15 00:00:00",2301,1,0.99
177,10,"2023-02-16 00:00:00",2303,1,0.99
177,10,"2023-02-16 00:00:00",2305,1,0.99
177,10,"2023-02-16 00:00:00",2307,1,0.99
177,10,"2023-02-16 00:00:00",2309,1,0.99
178,14,"2023-02-17 00:00:00",2313,1,0.99
178,14,"2023-02-17 00:00:00",2317,1,0.99
178,14,"2023-02-17 00:00:00",2321,1,0.99
178,14,"2023-02-17 00:00:00",2325,1,0.99
178,14,"2023-02-17 00:00:00",2329,1,0.99
178,14,"2023-02-17 00:00:00",2333,1,0.99
179,20,"2023-02-20 00:00:00",2339,1,0.99
179,20,"2023-02-20 00:00:00",2345,1,0.99
179,20,"2023-02-20 00:00:00",2351,1,0.99
179,20,"2023-02-20 00:00:00",2357,1,0.99
179,20,"2023-02-20 00:00:00",2363,1,0.99
179,20,"2023-02-20 00:00:00",2369,1,0.99
179,20,"2023-02-20 00:00:00",2375,1,0.99
179,20,"2023-02-20 00:00:00",2381,1,0.99
179,20,"2023-02-20 00:00:00",2387,1,0.99
180,29,"2023-02-25 00:00:00",2396,1,0.99
180,29,"2023-02-25 00:00:00",2405,1,0.99
180,29,"2023-02-25 00:00:00",2414,1,0.99
180,29,"2023-02-25 00:00:00",2423,1,0.99
180,29,"2023-02-25 00:00:00",2432,1,0.99
180,29,"2023-02-25 00:00:00",2441,1,0.99
180,29,"2023-02-25 00:00:00",2450,1,0.99
180,29,"2023-02-25 00:00:00",2459,1,0.99
180,29,"2023-02-25 00:00:00",2468,1,0.99
180,29,"2023-02-25 00:00:00",2477,1,0.99
180,29,"2023-02-25 00:00:00",2486,1,0.99
180,29,"2023-02-25 00:00:00",2495,1,0.99
180,29,"2023-02-25 00:00:00",2504,1,0.99
180,29,"2023-02-25 00:00:00",2513,1,0.99
181,43,"2023-03-05 00:00:00",2527,1,0.99
182,44,"2023-03-18 00:00:00",2528,1,0.99
182,44,"2023-03-18 00:00:00",2529,1,0.99
183,46,"2023-03-18 00:00:00",2531,1,0.99
183,46,"2023-03-18 00:00:00",2533,1,0.99
184,48,"2023-03-19 00:00:00",2535,1,0.99
184,48,"2023-03-19 00:00:00",2537,1,0.99
184,48,"2023-03-19 00:00:00",2539,1,0.99
184,48,"2023-03-19 00:00:00",2541,1,0.99
185,52,"2023-03-20 00:00:00",2545,1,0.99
185,52,"2023-03-20 00:00:00",2549,1,0.99
185,52,"2023-03-20 00:00:00",2553,1,0.99
185,52,"2023-03-20 00:00:00",2557,1,0.99
185,52,"2023-03-20 00:00:00",2561,1,0.99
185,52,"2023-03-20 00:00:00",2565,1,0.99
186,58,"2023-03-23 00:00:00",2571,1,0.99
186,58,"2023-03-23 00:00:00",2577,1,0.99
186,58,"2023-03-23 00:00:00",2583,1,0.99
186,58,"2023-03-23 00:00:00",2589,1,0.99
186,58,"2023-03-23 00:00:00",2595,1,0.99
186,58,"2023-03-23 00:00:00",2601,1,0.99
186,58,"2023-03-23 00:00:00",2607,1,0.99
186,58,"2023-03-23 00:00:00",2613,1,0.99
186,58,"2023-03-23 00:00:00",2619,1,0.99
187,8,"2023-03-28 00:00:00",2628,1,0.99
187,8,"2023-03-28 00:00:00",2637,1,0.99
187,8,"2023-03-28 00:00:00",2646,1,0.99
187,8,"2023-03-28 00:00:00",2655,1,0.99
187,8,"2023-03-28 00:00:00",2664,1,0.99
187,8,"2023-03-28 00:00:00",2673,1,0.99
187,8,"2023-03-28 00:00:00",2682,1,0.99
187,8,"2023-03-28 00:00:00",2691,1,0.99
187,8,"2023-03-28 00:00:00",2700,1,0.99
187,8,"2023-03-28 00:00:00",2709,1,0.99
187,8,"2023-03-28 00:00:00",2718,1,0.99
187,8,"2023-03-28 00:00:00",2727,1,0.99
187,8,"2023-03-28 00:00:00",2736,1,0.99
187,8,"2023-03-28 00:00:00",2745,1,0.99
188,22,"2023-04-05 00:00:00",2759,1,0.99
189,23,"2023-04-18 00:00:00",2760,1,0.99
189,23,"2023-04-18 00:00:00",2761,1,0.99
190,25,"2023-04-18 00:00:00",2763,1,0.99
190,25,"2023-04-18 00:00:00",2765,1,0.99
191,27,"2023-04-19 00:00:00",2767,1,0.99
191,27,"2023-04-19 00:00:00",2769,1,0.99
191,27,"2023-04-19 00:00:00",2771,1,0.99
191,27,"2023-04-19 00:00:00",2773,1,0.99
192,31,"2023-04-20 00:00:00",2777,1,0.99
192,31,"2023-04-20 00:00:00",2781,1,0.99
192,31,"2023-04-20 00:00:00",2785,1,0.99
192,31,"2023-04-20 00:00:00",2789,1,0.99
192,31,"2023-04-20 00:00:00",2793,1,0.99
192,31,"2023-04-20 00:00:00",2797,1,0.99
193,37,"2023-04-23 00:00:00",2803,1,0.99
193,37,"2023-04-23 00:00:00",2809,1,0.99
193,37,"2023-04-23 00:00:00",2815,1,0.99
193,37,"2023-04-23 00:00:00",2821,1,1.99
193,37,"2023-04-23 00:00:00",2827,1,1.99
193,37,"2023-04-23 00:00:00",2833,1,1.99
193,37,"2023-04-23 00:00:00",2839,1,1.99
193,37,"2023-04-23 00:00:00",2845,1,1.99
193,37,"2023-04-23 00:00:00",2851,1,1.99
194,46,"2023-04-28 00:00:00",2860,1,1.99
194,46,"2023-04-28 00:00:00",2869,1,1.99
194,46,"2023-04-28 00:00:00",2878,1,1.99
194,46,"2023-04-28 00:00:00",2887,1,1.99
194,46,"2023-04-28 00:00:00",2896,1,1.99
194,46,"2023-04-28 00:00:00",2905,1,1.99
194,46,"2023-04-28 00:00:00",2914,1,1.99
194,46,"2023-04-28 00:00:00",2923,1,1.99
194,46,"2023-04-28 00:00:00",2932,1,0.99
194,46,"2023-04-28 00:00:00",2941,1,0.99
194,46,"2023-04-28 00:00:00",2950,1,0.99
194,46,"2023-04-28 00:00:00",2959,1,0.99
194,46,"2023-04-28 00:00:00",2968,1,0.99
194,46,"2023-04-28 00:00:00",2977,1,0.99
195,1,"2023-05-06 00:00:00",2991,1,0.99
196,2,"2023-05-19 00:00:00",2992,1,0.99
196,2,"2023-05-19 00:00:00",2993,1,0.99
197,4,"2023-05-19 00:00:00",2995,1,0.99
197,4,"2023-05-19 00:00:00",2997,1,0.99
198,6,"2023-05-20 00:00:00",2999,1,0.99
198,6,"2023-05-20 00:00:00",3001,1,0.99
198,6,"2023-05-20 00:00:00",3003,1,0.99
198,6,"2023-05-20 00:00:00",3005,1,0.99
199,10,"2023-05-21 00:00:00",3009,1,0.99
199,10,"2023-05-21 00:00:00",3013,1,0.99
199,10,"2023-05-21 00:00:00",3017,1,0.99
199,10,"2023-05-21 00:00:00",3021,1,0.99
199,10,"2023-05-21 00:00:00",3025,1,0.99
199,10,"2023-05-21 00:00:00",3029,1,0.99
200,16,"2023-05-24 00:00:00",3035,1,0.99
200,16,"2023-05-24 00:00:00",3041,1,0.99
200,16,"2023-05-24 00:00:00",3047,1,0.99
200,16,"2023-05-24 00:00:00",3053,1,0.99
200,16,"2023-05-24 00:00:00",3059,1,0.99
200,16,"2023-05-24 00:00:00",3065,1,0.99
200,16,"2023-05-24 00:00:00",3071,1,0.99
200,16,"2023-05-24 00:00:00",3077,1,0.99
200,16,"2023-05-24 00:00:00",3083,1,0.99
201,25,"2023-05-29 00:00:00",3092,1,0.99
201,25,"2023-05-29 00:00:00",3101,1,0.99
201,25,"2023-05-29 00:00:00",3110,1,0.99
201,25,"2023-05-29 00:00:00",3119,1,0.99
201,25,"2023-05-29 00:00:00",3128,1,0.99
201,25,"2023-05-29 00:00:00",3137,1,0.99
201,25,"2023-05-29 00:00:00",3146,1,0.99
201,25,"2023-05-29 00:00:00",3155,1,0.99
201,25,"2023-05-29 00:00:00",3164,1,0.99
201,25,"2023-05-29 00:00:00",3173,1,1.99
201,25,"2023-05-29 00:00:00",3182,1,1.99
201,25,"2023-05-29 00:00:00",3191,1,1.99
201,25,"2023-05-29 00:00:00",3200,1,1.99
201,25,"2023-05-29 00:00:00",3209,1,1.99
202,39,"2023-06-06 00:00:00",3223,1,1.99
203,40,"2023-06-19 00:00:00",3224,1,1.99
203,40,"2023-06-19 00:00:00",3225,1,0.99
204,42,"2023-06-19 00:00:00",3227,1,1.99
204,42,"2023-06-19 00:00:00",3229,1,1.99
205,44,"2023-06-20 00:00:00",3231,1,1.99
205,44,"2023-06-20 00:00:00",3233,1,1.99
205,44,"2023-06-20 00:00:00",3235,1,1.99
205,44,"2023-06-20 00:00:00",3237,1,1.99
206,48,"2023-06-21 00:00:00",3241,1,1.99
206,48,"2023-06-21 00:00:00",3245,1,1.99
206,48,"2023-06-21 00:00:00",3249,1,1.99
206,48,"2023-06-21 00:00:00",3253,1,0.99
206,48,"2023-06-21 00:00:00",3257,1,0.99
206,48,"2023-06-21 00:00:00",3261,1,0.99
207,54,"2023-06-24 00:00:00",3267,1,0.99
207,54,"2023-06-24 00:00:00",3273,1,0.99
207,54,"2023-06-24 00:00:00",3279,1,0.99
207,54,"2023-06-24 00:00:00",3285,1,0.99
207,54,"2023-06-24 00:00:00",3291,1,0.99
207,54,"2023-06-24 00:00:00",3297,1,0.99
207,54,"2023-06-24 00:00:00",3303,1,0.99
207,54,"2023-06-24 00:00:00",3309,1,0.99
207,54,"2023-06-24 00:00:00",3315,1,0.99
208,4,"2023-06-29 00:00:00",3324,1,0.99
208,4,"2023-06-29 00:00:00",3333,1,0.99
208,4,"2023-06-29 00:00:00",3342,1,1.99
208,4,"2023-06-29 00:00:00",3351,1,0.99
208,4,"2023-06-29 00:00:00",3360,1,1.99
208,4,"2023-06-29 00:00:00",3369,1,0.99
208,4,"2023-06-29 00:00:00",3378,1,0.99
208,4,"2023-06-29 00:00:00",3387,1,0.99
208,4,"2023-06-29 00:00:00",3396,1,0.99
208,4,"2023-06-29 00:00:00",3405,1,0.99
208,4,"2023-06-29 00:00:00",3414,1,0.99
208,4,"2023-06-29 00:00:00",3423,1,0.99
208,4,"2023-06-29 00:00:00",3432,1,0.99
208,4,"2023-06-29 00:00:00",3441,1,0.99
209,18,"2023-07-07 00:00:00",3455,1,0.99
210,19,"2023-07-20 00:00:00",3456,1,0.99
210,19,"2023-07-20 00:00:00",3457,1,0.99
211,21,"2023-07-20 00:00:00",3459,1,0.99
211,21,"2023-07-20 00:00:00",3461,1,0.99
212,23,"2023-07-21 00:00:00",3463,1,0.99
212,23,"2023-07-21 00:00:00",3465,1,0.99
212,23,"2023-07-21 00:00:00",3467,1,0.99
212,23,"2023-07-21 00:00:00",3469,1,0.99
213,27,"2023-07-22 00:00:00",3473,1,0.99
213,27,"2023-07-22 00:00:00",3477,1,0.99
213,27,"2023-07-22 00:00:00",3481,1,0.99
213,27,"2023-07-22 00:00:00",3485,1,0.99
213,27,"2023-07-22 00:00:00",3489,1,0.99
213,27,"2023-07-22 00:00:00",3493,1,0.99
214,33,"2023-07-25 00:00:00",3499,1,0.99
214,33,"2023-07-25 00:00:00",2,1,0.99
214,33,"2023-07-25 00:00:00",8,1,0.99
214,33,"2023-07-25 00:00:00",14,1,0.99
214,33,"2023-07-25 00:00:00",20,1,0.99
214,33,"2023-07-25 00:00:00",26,1,0.99
214,33,"2023-07-25 00:00:00",32,1,0.99
214,33,"2023-07-25 00:00:00",38,1,0.99
214,33,"2023-07-25 00:00:00",44,1,0.99
215,42,"2023-07-30 00:00:00",53,1,0.99
215,42,"2023-07-30 00:00:00",62,1,0.99
215,42,"2023-07-30 00:00:00",71,1,0.99
215,42,"2023-07-30 00:00:00",80,1,0.99
215,42,"2023-07-30 00:00:00",89,1,0.99
215,42,"2023-07-30 00:00:00",98,1,0.99
215,42,"2023-07-30 00:00:00",107,1,0.99
215,42,"2023-07-30 00:00:00",116,1,0.99
215,42,"2023-07-30 00:00:00",125,1,0.99
215,42,"2023-07-30 00:00:00",134,1,0.99
215,42,"2023-07-30 00:00:00",143,1,0.99
215,42,"2023-07-30 00:00:00",152,1,0.99
215,42,"2023-07-30 00:00:00",161,1,0.99
215,42,"2023-07-30 00:00:00",170,1,0.99
216,56,"2023-08-07 00:00:00",184,1,0.99
217,57,"2023-08-20 00:00:00",185,1,0.99
217,57,"2023-08-20 00:00:00",186,1,0.99
218,59,"2023-08-20 00:00:00",188,1,0.99
218,59,"2023-08-20 00:00:00",190,1,0.99
219,2,"2023-08-21 00:00:00",192,1,0.99
219,2,"2023-08-21 00:00:00",194,1,0.99
219,2,"2023-08-21 00:00:00",196,1,0.99
219,2,"2023-08-21 00:00:00",198,1,0.99
220,6,"2023-08-22 00:00:00",202,1,0.99
220,6,"2023-08-22 00:00:00",206,1,0.99
220,6,"2023-08-22 00:00:00",210,1,0.99
220,6,"2023-08-22 00:00:00",214,1,0.99
220,6,"2023-08-22 00:00:00",218,1,0.99
220,6,"2023-08-22 00:00:00",222,1,0.99
221,12,"2023-08-25 00:00:00",228,1,0.99
221,12,"2023-08-25 00:00:00",234,1,0.99
221,12,"2023-08-25 00:00:00",240,1,0.99
221,12,"2023-08-25 00:00:00",246,1,0.99
221,12,"2023-08-25 00:00:00",252,1,0.99
221,12,"2023-08-25 00:00:00",258,1,0.99
221,12,"2023-08-25 00:00:00",264,1,0.99
221,12,"2023-08-25 00:00:00",270,1,0.99
221,12,"2023-08-25 00:00:00",276,1,0.99
222,21,"2023-08-30 00:00:00",285,1,0.99
222,21,"2023-08-30 00:00:00",294,1,0.99
222,21,"2023-08-30 00:00:00",303,1,0.99
222,21,"2023-08-30 00:00:00",312,1,0.99
222,21,"2023-08-30 00:00:00",321,1,0.99
222,21,"2023-08-30 00:00:00",330,1,0.99
222,21,"2023-08-30 00:00:00",339,1,0.99
222,21,"2023-08-30 00:00:00",348,1,0.99
222,21,"2023-08-30 00:00:00",357,1,0.99
222,21,"2023-08-30 00:00:00",366,1,0.99
222,21,"2023-08-30 00:00:00",375,1,0.99
222,21,"2023-08-30 00:00:00",384,1,0.99
222,21,"2023-08-30 00:00:00",393,1,0.99
222,21,"2023-08-30 00:00:00",402,1,0.99
223,35,"2023-09-07 00:00:00",416,1,0.99
224,36,"2023-09-20 00:00:00",417,1,0.99
224,36,"2023-09-20 00:00:00",418,1,0.99
225,38,"2023-09-20 00:00:00",420,1,0.99
225,38,"2023-09-20 00:00:00",422,1,0.99
226,40,"2023-09-21 00:00:00",424,1,0.99
226,40,"2023-09-21 00:00:00",426,1,0.99
226,40,"2023-09-21 00:00:00",428,1,0.99
226,40,"2023-09-21 00:00:00",430,1,0.99
227,44,"2023-09-22 00:00:00",434,1,0.99
227,44,"2023-09-22 00:00:00",438,1,0.99
227,44,"2023-09-22 00:00:00",442,1,0.99
227,44,"2023-09-22 00:00:00",446,1,0.99
227,44,"2023-09-22 00:00:00",450,1,0.99
227,44,"2023-09-22 00:00:00",454,1,0.99
228,50,"2023-09-25 00:00:00",460,1,0.99
228,50,"2023-09-25 00:00:00",466,1,0.99
228,50,"2023-09-25 00:00:00",472,1,0.99
228,50,"2023-09-25 00:00:00",478,1,0.99
228,50,"2023-09-25 00:00:00",484,1,0.99
228,50,"2023-09-25 00:00:00",490,1,0.99
228,50,"2023-09-25 00:00:00",496,1,0.99
228,50,"2023-09-25 00:00:00",502,1,0.99
228,50,"2023-09-25 00:00:00",508,1,0.99
229,59,"2023-09-30 00:00:00",517,1,0.99
229,59,"2023-09-30 00:00:00",526,1,0.99
229,59,"2023-09-30 00:00:00",535,1,0.99
229,59,"2023-09-30 00:00:00",544,1,0.99
229,59,"2023-09-30 00:00:00",553,1,0.99
229,59,"2023-09-30 00:00:00",562,1,0.99
229,59,"2023-09-30 00:00:00",571,1,0.99
229,59,"2023-09-30 00:00:00",580,1,0.99
229,59,"2023-09-30 00:00:00",589,1,0.99
229,59,"2023-09-30 00:00:00",598,1,0.99
229,59,"2023-09-30 00:00:00",607,1,0.99
229,59,"2023-09-30 00:00:00",616,1,0.99
229,59,"2023-09-30 00:00:00",625,1,0.99
229,59,"2023-09-30 00:00:00",634,1,0.99
230,14,"2023-10-08 00:00:00",648,1,0.99
231,15,"2023-10-21 00:00:00",649,1,0.99
231,15,"2023-10-21 00:00:00",650,1,0.99
232,17,"2023-10-21 00:00:00",652,1,0.99
232,17,"2023-10-21 00:00:00",654,1,0.99
233,19,"2023-10-22 00:00:00",656,1,0.99
233,19,"2023-10-22 00:00:00",658,1,0.99
233,19,"2023-10-22 00:00:00",660,1,0.99
233,19,"2023-10-22 00:00:00",662,1,0.99
234,23,"2023-10-23 00:00:00",666,1,0.99
234,23,"2023-10-23 00:00:00",670,1,0.99
234,23,"2023-10-23 00:00:00",674,1,0.99
234,23,"2023-10-23 00:00:00",678,1,0.99
234,23,"2023-10-23 00:00:00",682,1,0.99
234,23,"2023-10-23 00:00:00",686,1,0.99
235,29,"2023-10-26 00:00:00",692,1,0.99
235,29,"2023-10-26 00:00:00",698,1,0.99
235,29,"2023-10-26 00:00:00",704,1,0.99
235,29,"2023-10-26 00:00:00",710,1,0.99
235,29,"2023-10-26 00:00:00",716,1,0.99
235,29,"2023-10-26 00:00:00",722,1,0.99
235,29,"2023-10-26 00:00:00",728,1,0.99
235,29,"2023-10-26 00:00:00",734,1,0.99
235,29,"2023-10-26 00:00:00",740,1,0.99
236,38,"2023-10-31 00:00:00",749,1,0.99
236,38,"2023-10-31 00:00:00",758,1,0.99
236,38,"2023-10-31 00:00:00",767,1,0.99
236,38,"2023-10-31 00:00:00",776,1,0.99
236,38,"2023-10-31 00:00:00",785,1,0.99
236,38,"2023-10-31 00:00:00",794,1,0.99
236,38,"2023-10-31 00:00:00",803,1,0.99
236,38,"2023-10-31 00:00:00",812,1,0.99
236,38,"2023-10-31 00:00:00",821,1,0.99
236,38,"2023-10-31 00:00:00",830,1,0.99
236,38,"2023-10-31 00:00:00",839,1,0.99
236,38,"2023-10-31 00:00:00",848,1,0.99
236,38,"2023-10-31 00:00:00",857,1,0.99
236,38,"2023-10-31 00:00:00",866,1,0.99
237,52,"2023-11-08 00:00:00",880,1,0.99
238,53,"2023-11-21 00:00:00",881,1,0.99
238,53,"2023-11-21 00:00:00",882,1,0.99
239,55,"2023-11-21 00:00:00",884,1,0.99
239,55,"2023-11-21 00:00:00",886,1,0.99
240,57,"2023-11-22 00:00:00",888,1,0.99
240,57,"2023-11-22 00:00:00",890,1,0.99
240,57,"2023-11-22 00:00:00",892,1,0.99
240,57,"2023-11-22 00:00:00",894,1,0.99
241,2,"2023-11-23 00:00:00",898,1,0.99
241,2,"2023-11-23 00:00:00",902,1,0.99
241,2,"2023-11-23 00:00:00",906,1,0.99
241,2,"2023-11-23 00:00:00",910,1,0.99
241,2,"2023-11-23 00:00:00",914,1,0.99
241,2,"2023-11-23 00:00:00",918,1,0.99
242,8,"2023-11-26 00:00:00",924,1,0.99
242,8,"2023-11-26 00:00:00",930,1,0.99
242,8,"2023-11-26 00:00:00",936,1,0.99
242,8,"2023-11-26 00:00:00",942,1,0.99
242,8,"2023-11-26 00:00:00",948,1,0.99
242,8,"2023-11-26 00:00:00",954,1,0.99
242,8,"2023-11-26 00:00:00",960,1,0.99
242,8,"2023-11-26 00:00:00",966,1,0.99
242,8,"2023-11-26 00:00:00",972,1,0.99
243,17,"2023-12-01 00:00:00",981,1,0.99
243,17,"2023-12-01 00:00:00",990,1,0.99
243,17,"2023-12-01 00:00:00",999,1,0.99
243,17,"2023-12-01 00:00:00",1008,1,0.99
243,17,"2023-12-01 00:00:00",1017,1,0.99
243,17,"2023-12-01 00:00:00",1026,1,0.99
243,17,"2023-12-01 00:00:00",1035,1,0.99
243,17,"2023-12-01 00:00:00",1044,1,0.99
243,17,"2023-12-01 00:00:00",1053,1,0.99
243,17,"2023-12-01 00:00:00",1062,1,0.99
243,17,"2023-12-01 00:00:00",1071,1,0.99
243,17,"2023-12-01 00:00:00",1080,1,0.99
243,17,"2023-12-01 00:00:00",1089,1,0.99
243,17,"2023-12-01 00:00:00",1098,1,0.99
244,31,"2023-12-09 00:00:00",1112,1,0.99
245,32,"2023-12-22 00:00:00",1113,1,0.99
245,32,"2023-12-22 00:00:00",1114,1,0.99
246,34,"2023-12-22 00:00:00",1116,1,0.99
246,34,"2023-12-22 00:00:00",1118,1,0.99
247,36,"2023-12-23 00:00:00",1120,1,0.99
247,36,"2023-12-23 00:00:00",1122,1,0.99
247,36,"2023-12-23 00:00:00",1124,1,0.99
247,36,"2023-12-23 00:00:00",1126,1,0.99
248,40,"2023-12-24 00:00:00",1130,1,0.99
248,40,"2023-12-24 00:00:00",1134,1,0.99
248,40,"2023-12-24 00:00:00",1138,1,0.99
248,40,"2023-12-24 00:00:00",1142,1,0.99
248,40,"2023-12-24 00:00:00",1146,1,0.99
248,40,"2023-12-24 00:00:00",1150,1,0.99
249,46,"2023-12-27 00:00:00",1156,1,0.99
249,46,"2023-12-27 00:00:00",1162,1,0.99
249,46,"2023-12-27 00:00:00",1168,1,0.99
249,46,"2023-12-27 00:00:00",1174,1,0.99
249,46,"2023-12-27 00:00:00",1180,1,0.99
249,46,"2023-12-27 00:00:00",1186,1,0.99
249,46,"2023-12-27 00:00:00",1192,1,0.99
249,46,"2023-12-27 00:00:00",1198,1,0.99
249,46,"2023-12-27 00:00:00",1204,1,0.99
250,55,"2024-01-01 00:00:00",1213,1,0.99
250,55,"2024-01-01 00:00:00",1222,1,0.99
250,55,"2024-01-01 00:00:00",1231,1,0.99
250,55,"2024-01-01 00:00:00",1240,1,0.99
250,55,"2024-01-01 00:00:00",1249,1,0.99
250,55,"2024-01-01 00:00:00",1258,1,0.99
250,55,"2024-01-01 00:00:00",1267,1,0.99
250,55,"2024-01-01 00:00:00",1276,1,0.99
250,55,"2024-01-01 00:00:00",1285,1,0.99
250,55,"2024-01-01 00:00:00",1294,1,0.99
250,55,"2024-01-01 00:00:00",1303,1,0.99
250,55,"2024-01-01 00:00:00",1312,1,0.99
250,55,"2024-01-01 00:00:00",1321,1,0.99
250,55,"2024-01-01 00:00:00",1330,1,0.99
251,10,"2024-01-09 00:00:00",1344,1,0.99
252,11,"2024-01-22 00:00:00",1345,1,0.99
252,11,"2024-01-22 00:00:00",1346,1,0.99
253,13,"2024-01-22 00:00:00",1348,1,0.99
253,13,"2024-01-22 00:00:00",1350,1,0.99
254,15,"2024-01-23 00:00:00",1352,1,0.99
254,15,"2024-01-23 00:00:00",1354,1,0.99
254,15,"2024-01-23 00:00:00",1356,1,0.99
254,15,"2024-01-23 00:00:00",1358,1,0.99
255,19,"2024-01-24 00:00:00",1362,1,0.99
255,19,"2024-01-24 00:00:00",1366,1,0.99
255,19,"2024-01-24 00:00:00",1370,1,0.99
255,19,"2024-01-24 00:00:00",1374,1,0.99
255,19,"2024-01-24 00:00:00",1378,1,0.99
255,19,"2024-01-24 00:00:00",1382,1,0.99
256,25,"2024-01-27 00:00:00",1388,1,0.99
256,25,"2024-01-27 00:00:00",1394,1,0.99
256,25,"2024-01-27 00:00:00",1400,1,0.99
256,25,"2024-01-27 00:00:00",1406,1,0.99
256,25,"2024-01-27 00:00:00",1412,1,0.99
256,25,"2024-01-27 00:00:00",1418,1,0.99
256,25,"2024-01-27 00:00:00",1424,1,0.99
256,25,"2024-01-27 00:00:00",1430,1,0.99
256,25,"2024-01-27 00:00:00",1436,1,0.99
257,34,"2024-02-01 00:00:00",1445,1,0.99
257,34,"2024-02-01 00:00:00",1454,1,0.99
257,34,"2024-02-01 00:00:00",1463,1,0.99
257,34,"2024-02-01 00:00:00",1472,1,0.99
257,34,"2024-02-01 00:00:00",1481,1,0.99
257,34,"2024-02-01 00:00:00",1490,1,0.99
257,34,"2024-02-01 00:00:00",1499,1,0.99
257,34,"2024-02-01 00:00:00",1508,1,0.99
257,34,"2024-02-01 00:00:00",1517,1,0.99
257,34,"2024-02-01 00:00:00",1526,1,0.99
257,34,"2024-02-01 00:00:00",1535,1,0.99
257,34,"2024-02-01 00:00:00",1544,1,0.99
257,34,"2024-02-01 00:00:00",1553,1,0.99
257,34,"2024-02-01 00:00:00",1562,1,0.99
258,48,"2024-02-09 00:00:00",1576,1,0.99
259,49,"2024-02-22 00:00:00",1577,1,0.99
259,49,"2024-02-22 00:00:00",1578,1,0.99
260,51,"2024-02-22 00:00:00",1580,1,0.99
260,51,"2024-02-22 00:00:00",1582,1,0.99
261,53,"2024-02-23 00:00:00",1584,1,0.99
261,53,"2024-02-23 00:00:00",1586,1,0.99
261,53,"2024-02-23 00:00:00",1588,1,0.99
261,53,"2024-02-23 00:00:00",1590,1,0.99
262,57,"2024-02-24 00:00:00",1594,1,0.99
262,57,"2024-02-24 00:00:00",1598,1,0.99
262,57,"2024-02-24 00:00:00",1602,1,0.99
262,57,"2024-02-24 00:00:00",1606,1,0.99
262,57,"2024-02-24 00:00:00",1610,1,0.99
262,57,"2024-02-24 00:00:00",1614,1,0.99
263,4,"2024-02-27 00:00:00",1620,1,0.99
263,4,"2024-02-27 00:00:00",1626,1,0.99
263,4,"2024-02-27 00:00:00",1632,1,0.99
263,4,"2024-02-27 00:00:00",1638,1,0.99
263,4,"2024-02-27 00:00:00",1644,1,0.99
263,4,"2024-02-27 00:00:00",1650,1,0.99
263,4,"2024-02-27 00:00:00",1656,1,0.99
263,4,"2024-02-27 00:00:00",1662,1,0.99
263,4,"2024-02-27 00:00:00",1668,1,0.99
264,13,"2024-03-03 00:00:00",1677,1,0.99
264,13,"2024-03-03 00:00:00",1686,1,0.99
264,13,"2024-03-03 00:00:00",1695,1,0.99
264,13,"2024-03-03 00:00:00",1704,1,0.99
264,13,"2024-03-03 00:00:00",1713,1,0.99
264,13,"2024-03-03 00:00:00",1722,1,0.99
264,13,"2024-03-03 00:00:00",1731,1,0.99
264,13,"2024-03-03 00:00:00",1740,1,0.99
264,13,"2024-03-03 00:00:00",1749,1,0.99
264,13,"2024-03-03 00:00:00",1758,1,0.99
264,13,"2024-03-03 00:00:00",1767,1,0.99
264,13,"2024-03-03 00:00:00",1776,1,0.99
264,13,"2024-03-03 00:00:00",1785,1,0.99
264,13,"2024-03-03 00:00:00",1794,1,0.99
265,27,"2024-03-11 00:00:00",1808,1,0.99
266,28,"2024-03-24 00:00:00",1809,1,0.99
266,28,"2024-03-24 00:00:00",1810,1,0.99
267,30,"2024-03-24 00:00:00",1812,1,0.99
267,30,"2024-03-24 00:00:00",1814,1,0.99
268,32,"2024-03-25 00:00:00",1816,1,0.99
268,32,"2024-03-25 00:00:00",1818,1,0.99
268,32,"2024-03-25 00:00:00",1820,1,0.99
268,32,"2024-03-25 00:00:00",1822,1,0.99
269,36,"2024-03-26 00:00:00",1826,1,0.99
269,36,"2024-03-26 00:00:00",1830,1,0.99
269,36,"2024-03-26 00:00:00",1834,1,0.99
269,36,"2024-03-26 00:00:00",1838,1,0.99
269,36,"2024-03-26 00:00:00",1842,1,0.99
269,36,"2024-03-26 00:00:00",1846,1,0.99
270,42,"2024-03-29 00:00:00",1852,1,0.99
270,42,"2024-03-29 00:00:00",1858,1,0.99
270,42,"2024-03-29 00:00:00",1864,1,0.99
270,42,"2024-03-29 00:00:00",1870,1,0.99
270,42,"2024-03-29 00:00:00",1876,1,0.99
270,42,"2024-03-29 00:00:00",1882,1,0.99
270,42,"2024-03-29 00:00:00",1888,1,0.99
270,42,"2024-03-29 00:00:00",1894,1,0.99
270,42,"2024-03-29 00:00:00",1900,1,0.99
271,51,"2024-04-03 00:00:00",1909,1,0.99
271,51,"2024-04-03 00:00:00",1918,1,0.99
271,51,"2024-04-03 00:00:00",1927,1,0.99
271,51,"2024-04-03 00:00:00",1936,1,0.99
271,51,"2024-04-03 00:00:00",1945,1,0.99
271,51,"2024-04-03 00:00:00",1954,1,0.99
271,51,"2024-04-03 00:00:00",1963,1,0.99
271,51,"2024-04-03 00:00:00",1972,1,0.99
271,51,"2024-04-03 00:00:00",1981,1,0.99
271,51,"2024-04-03 00:00:00",1990,1,0.99
271,51,"2024-04-03 00:00:00",1999,1,0.99
271,51,"2024-04-03 00:00:00",2008,1,0.99
271,51,"2024-04-03 00:00:00",2017,1,0.99
271,51,"2024-04-03 00:00:00",2026,1,0.99
272,6,"2024-04-11 00:00:00",2040,1,0.99
273,7,"2024-04-24 00:00:00",2041,1,0.99
273,7,"2024-04-24 00:00:00",2042,1,0.99
274,9,"2024-04-24 00:00:00",2044,1,0.99
274,9,"2024-04-24 00:00:00",2046,1,0.99
275,11,"2024-04-25 00:00:00",2048,1,0.99
275,11,"2024-04-25 00:00:00",2050,1,0.99
275,11,"2024-04-25 00:00:00",2052,1,0.99
275,11,"2024-04-25 00:00:00",2054,1,0.99
276,15,"2024-04-26 00:00:00",2058,1,0.99
276,15,"2024-04-26 00:00:00",2062,1,0.99
276,15,"2024-04-26 00:00:00",2066,1,0.99
276,15,"2024-04-26 00:00:00",2070,1,0.99
276,15,"2024-04-26 00:00:00",2074,1,0.99
276,15,"2024-04-26 00:00:00",2078,1,0.99
277,21,"2024-04-29 00:00:00",2084,1,0.99
277,21,"2024-04-29 00:00:00",2090,1,0.99
277,21,"2024-04-29 00:00:00",2096,1,0.99
277,21,"2024-04-29 00:00:00",2102,1,0.99
277,21,"2024-04-29 00:00:00",2108,1,0.99
277,21,"2024-04-29 00:00:00",2114,1,0.99
277,21,"2024-04-29 00:00:00",2120,1,0.99
277,21,"2024-04-29 00:00:00",2126,1,0.99
277,21,"2024-04-29 00:00:00",2132,1,0.99
278,30,"2024-05-04 00:00:00",2141,1,0.99
278,30,"2024-05-04 00:00:00",2150,1,0.99
278,30,"2024-05-04 00:00:00",2159,1,0.99
278,30,"2024-05-04 00:00:00",2168,1,0.99
278,30,"2024-05-04 00:00:00",2177,1,0.99
278,30,"2024-05-04 00:00:00",2186,1,0.99
278,30,"2024-05-04 00:00:00",2195,1,0.99
278,30,"2024-05-04 00:00:00",2204,1,0.99
278,30,"2024-05-04 00:00:00",2213,1,0.99
278,30,"2024-05-04 00:00:00",2222,1,0.99
278,30,"2024-05-04 00:00:00",2231,1,0.99
278,30,"2024-05-04 00:00:00",2240,1,0.99
278,30,"2024-05-04 00:00:00",2249,1,0.99
278,30,"2024-05-04 00:00:00",2258,1,0.99
279,44,"2024-05-12 00:00:00",2272,1,0.99
280,45,"2024-05-25 00:00:00",2273,1,0.99
280,45,"2024-05-25 00:00:00",2274,1,0.99
281,47,"2024-05-25 00:00:00",2276,1,0.99
281,47,"2024-05-25 00:00:00",2278,1,0.99
282,49,"2024-05-26 00:00:00",2280,1,0.99
282,49,"2024-05-26 00:00:00",2282,1,0.99
282,49,"2024-05-26 00:00:00",2284,1,0.99
282,49,"2024-05-26 00:00:00",2286,1,0.99
283,53,"2024-05-27 00:00:00",2290,1,0.99
283,53,"2024-05-27 00:00:00",2294,1,0.99
283,53,"2024-05-27 00:00:00",2298,1,0.99
283,53,"2024-05-27 00:00:00",2302,1,0.99
283,53,"2024-05-27 00:00:00",2306,1,0.99
283,53,"2024-05-27 00:00:00",2310,1,0.99
284,59,"2024-05-30 00:00:00",2316,1,0.99
284,59,"2024-05-30 00:00:00",2322,1,0.99
284,59,"2024-05-30 00:00:00",2328,1,0.99
284,59,"2024-05-30 00:00:00",2334,1,0.99
284,59,"2024-05-30 00:00:00",2340,1,0.99
284,59,"2024-05-30 00:00:00",2346,1,0.99
284,59,"2024-05-30 00:00:00",2352,1,0.99
284,59,"2024-05-30 00:00:00",2358,1,0.99
284,59,"2024-05-30 00:00:00",2364,1,0.99
285,9,"2024-06-04 00:00:00",2373,1,0.99
285,9,"2024-06-04 00:00:00",2382,1,0.99
285,9,"2024-06-04 00:00:00",2391,1,0.99
285,9,"2024-06-04 00:00:00",2400,1,0.99
285,9,"2024-06-04 00:00:00",2409,1,0.99
285,9,"2024-06-04 00:00:00",2418,1,0.99
285,9,"2024-06-04 00:00:00",2427,1,0.99
285,9,"2024-06-04 00:00:00",2436,1,0.99
285,9,"2024-06-04 00:00:00",2445,1,0.99
285,9,"2024-06-04 00:00:00",2454,1,0.99
285,9,"2024-06-04 00:00:00",2463,1,0.99
285,9,"2024-06-04 00:00:00",2472,1,0.99
285,9,"2024-06-04 00:00:00",2481,1,0.99
285,9,"2024-06-04 00:00:00",2490,1,0.99
286,23,"2024-06-12 00:00:00",2504,1,0.99
287,24,"2024-06-25 00:00:00",2505,1,0.99
287,24,"2024-06-25 00:00:00",2506,1,0.99
288,26,"2024-06-25 00:00:00",2508,1,0.99
288,26,"2024-06-25 00:00:00",2510,1,0.99
289,28,"2024-06-26 00:00:00",2512,1,0.99
289,28,"2024-06-26 00:00:00",2514,1,0.99
289,28,"2024-06-26 00:00:00",2516,1,0.99
289,28,"2024-06-26 00:00:00",2518,1,0.99
290,32,"2024-06-27 00:00:00",2522,1,0.99
290,32,"2024-06-27 00:00:00",2526,1,0.99
290,32,"2024-06-27 00:00:00",2530,1,0.99
290,32,"2024-06-27 00:00:00",2534,1,0.99
290,32,"2024-06-27 00:00:00",2538,1,0.99
290,32,"2024-06-27 00:00:00",2542,1,0.99
291,38,"2024-06-30 00:00:00",2548,1,0.99
291,38,"2024-06-30 00:00:00",2554,1,0.99
291,38,"2024-06-30 00:00:00",2560,1,0.99
291,38,"2024-06-30 00:00:00",2566,1,0.99
291,38,"2024-06-30 00:00:00",2572,1,0.99
291,38,"2024-06-30 00:00:00",2578,1,0.99
291,38,"2024-06-30 00:00:00",2584,1,0.99
291,38,"2024-06-30 00:00:00",2590,1,0.99
291,38,"2024-06-30 00:00:00",2596,1,0.99
292,47,"2024-07-05 00:00:00",2605,1,0.99
292,47,"2024-07-05 00:00:00",2614,1,0.99
292,47,"2024-07-05 00:00:00",2623,1,0.99
292,47,"2024-07-05 00:00:00",2632,1,0.99
292,47,"2024-07-05 00:00:00",2641,1,0.99
292,47,"2024-07-05 00:00:00",2650,1,0.99
292,47,"2024-07-05 00:00:00",2659,1,0.99
292,47,"2024-07-05 00:00:00",2668,1,0.99
292,47,"2024-07-05 00:00:00",2677,1,0.99
292,47,"2024-07-05 00:00:00",2686,1,0.99
292,47,"2024-07-05 00:00:00",2695,1,0.99
292,47,"2024-07-05 00:00:00",2704,1,0.99
292,47,"2024-07-05 00:00:00",2713,1,0.99
292,47,"2024-07-05 00:00:00",2722,1,0.99
293,2,"2024-07-13 00:00:00",2736,1,0.99
294,3,"2024-07-26 00:00:00",2737,1,0.99
294,3,"2024-07-26 00:00:00",2738,1,0.99
295,5,"2024-07-26 00:00:00",2740,1,0.99
295,5,"2024-07-26 00:00:00",2742,1,0.99
296,7,"2024-07-27 00:00:00",2744,1,0.99
296,7,"2024-07-27 00:00:00",2746,1,0.99
296,7,"2024-07-27 00:00:00",2748,1,0.99
296,7,"2024-07-27 00:00:00",2750,1,0.99
297,11,"2024-07-28 00:00:00",2754,1,0.99
297,11,"2024-07-28 00:00:00",2758,1,0.99
297,11,"2024-07-28 00:00:00",2762,1,0.99
297,11,"2024-07-28 00:00:00",2766,1,0.99
297,11,"2024-07-28 00:00:00",2770,1,0.99
297,11,"2024-07-28 00:00:00",2774,1,0.99
298,17,"2024-07-31 00:00:00",2780,1,0.99
298,17,"2024-07-31 00:00:00",2786,1,0.99
298,17,"2024-07-31 00:00:00",2792,1,0.99
298,17,"2024-07-31 00:00:00",2798,1,0.99
298,17,"2024-07-31 00:00:00",2804,1,0.99
298,17,"2024-07-31 00:00:00",2810,1,0.99
298,17,"2024-07-31 00:00:00",2816,1,0.99
298,17,"2024-07-31 00:00:00",2822,1,1.99
298,17,"2024-07-31 00:00:00",2828,1,1.99
299,26,"2024-08-05 00:00:00",2837,1,1.99
299,26,"2024-08-05 00:00:00",2846,1,1.99
299,26,"2024-08-05 00:00:00",2855,1,1.99
299,26,"2024-08-05 00:00:00",2864,1,1.99
299,26,"2024-08-05 00:00:00",2873,1,1.99
299,26,"2024-08-05 00:00:00",2882,1,1.99
299,26,"2024-08-05 00:00:00",2891,1,1.99
299,26,"2024-08-05 00:00:00",2900,1,1.99
299,26,"2024-08-05 00:00:00",2909,1,1.99
299,26,"2024-08-05 00:00:00",2918,1,1.99
299,26,"2024-08-05 00:00:00",2927,1,0.99
299,26,"2024-08-05 00:00:00",2936,1,0.99
299,26,"2024-08-05 00:00:00",2945,1,0.99
299,26,"2024-08-05 00:00:00",2954,1,0.99
300,40,"2024-08-13 00:00:00",2968,1,0.99
301,41,"2024-08-26 00:00:00",2969,1,0.99
301,41,"2024-08-26 00:00:00",2970,1,0.99
302,43,"2024-08-26 00:00:00",2972,1,0.99
302,43,"2024-08-26 00:00:00",2974,1,0.99
303,45,"2024-08-27 00:00:00",2976,1,0.99
303,45,"2024-08-27 00:00:00",2978,1,0.99
303,45,"2024-08-27 00:00:00",2980,1,0.99
303,45,"2024-08-27 00:00:00",2982,1,0.99
304,49,"2024-08-28 00:00:00",2986,1,0.99
304,49,"2024-08-28 00:00:00",2990,1,0.99
304,49,"2024-08-28 00:00:00",2994,1,0.99
304,49,"2024-08-28 00:00:00",2998,1,0.99
304,49,"2024-08-28 00:00:00",3002,1,0.99
304,49,"2024-08-28 00:00:00",3006,1,0.99
305,55,"2024-08-31 00:00:00",3012,1,0.99
305,55,"2024-08-31 00:00:00",3018,1,0.99
305,55,"2024-08-31 00:00:00",3024,1,0.99
305,55,"2024-08-31 00:00:00",3030,1,0.99
305,55,"2024-08-31 00:00:00",3036,1,0.99
305,55,"2024-08-31 00:00:00",3042,1,0.99
305,55,"2024-08-31 00:00:00",3048,1,0.99
305,55,"2024-08-31 00:00:00",3054,1,0.99
305,55,"2024-08-31 00:00:00",3060,1,0.99
306,5,"2024-09-05 00:00:00",3069,1,0.99
306,5,"2024-09-05 00:00:00",3078,1,0.99
306,5,"2024-09-05 00:00:00",3087,1,0.99
306,5,"2024-09-05 00:00:00",3096,1,0.99
306,5,"2024-09-05 00:00:00",3105,1,0.99
306,5,"2024-09-05 00:00:00",3114,1,0.99
306,5,"2024-09-05 00:00:00",3123,1,0.99
306,5,"2024-09-05 00:00:00",3132,1,0.99
306,5,"2024-09-05 00:00:00",3141,1,0.99
306,5,"2024-09-05 00:00:00",3150,1,0.99
306,5,"2024-09-05 00:00:00",3159,1,0.99
306,5,"2024-09-05 00:00:00",3168,1,1.99
306,5,"2024-09-05 00:00:00",3177,1,1.99
306,5,"2024-09-05 00:00:00",3186,1,1.99
307,19,"2024-09-13 00:00:00",3200,1,1.99
308,20,"2024-09-26 00:00:00",3201,1,1.99
308,20,"2024-09-26 00:00:00",3202,1,1.99
309,22,"2024-09-26 00:00:00",3204,1,1.99
309,22,"2024-09-26 00:00:00",3206,1,1.99
310,24,"2024-09-27 00:00:00",3208,1,1.99
310,24,"2024-09-27 00:00:00",3210,1,1.99
310,24,"2024-09-27 00:00:00",3212,1,1.99
310,24,"2024-09-27 00:00:00",3214,1,1.99
311,28,"2024-09-28 00:00:00",3218,1,1.99
311,28,"2024-09-28 00:00:00",3222,1,1.99
311,28,"2024-09-28 00:00:00",3226,1,1.99
311,28,"2024-09-28 00:00:00",3230,1,1.99
311,28,"2024-09-28 00:00:00",3234,1,1.99
311,28,"2024-09-28 00:00:00",3238,1,1.99
312,34,"2024-10-01 00:00:00",3244,1,1.99
312,34,"2024-10-01 00:00:00",3250,1,1.99
312,34,"2024-10-01 00:00:00",3256,1,0.99
312,34,"2024-10-01 00:00:00",3262,1,0.99
312,34,"2024-10-01 00:00:00",3268,1,0.99
312,34,"2024-10-01 00:00:00",3274,1,0.99
312,34,"2024-10-01 00:00:00",3280,1,0.99
312,34,"2024-10-01 00:00:00",3286,1,0.99
312,34,"2024-10-01 00:00:00",3292,1,0.99
313,43,"2024-10-06 00:00:00",3301,1,0.99
313,43,"2024-10-06 00:00:00",3310,1,0.99
313,43,"2024-10-06 00:00:00",3319,1,0.99
313,43,"2024-10-06 00:00:00",3328,1,0.99
313,43,"2024-10-06 00:00:00",3337,1,1.99
313,43,"2024-10-06 00:00:00",3346,1,1.99
313,43,"2024-10-06 00:00:00",3355,1,0.99
313,43,"2024-10-06 00:00:00",3364,1,1.99
313,43,"2024-10-06 00:00:00",3373,1,0.99
313,43,"2024-10-06 00:00:00",3382,1,0.99
313,43,"2024-10-06 00:00:00",3391,1,0.99
313,43,"2024-10-06 00:00:00",3400,1,0.99
313,43,"2024-10-06 00:00:00",3409,1,0.99
313,43,"2024-10-06 00:00:00",3418,1,0.99
314,57,"2024-10-14 00:00:00",3432,1,0.99
315,58,"2024-10-27 00:00:00",3433,1,0.99
315,58,"2024-10-27 00:00:00",3434,1,0.99
316,1,"2024-10-27 00:00:00",3436,1,0.99
316,1,"2024-10-27 00:00:00",3438,1,0.99
317,3,"2024-10-28 00:00:00",3440,1,0.99
317,3,"2024-10-28 00:00:00",3442,1,0.99
317,3,"2024-10-28 00:00:00",3444,1,0.99
317,3,"2024-10-28 00:00:00",3446,1,0.99
318,7,"2024-10-29 00:00:00",3450,1,0.99
318,7,"2024-10-29 00:00:00",3454,1,0.99
318,7,"2024-10-29 00:00:00",3458,1,0.99
318,7,"2024-10-29 00:00:00",3462,1,0.99
318,7,"2024-10-29 00:00:00",3466,1,0.99
318,7,"2024-10-29 00:00:00",3470,1,0.99
319,13,"2024-11-01 00:00:00",3476,1,0.99
319,13,"2024-11-01 00:00:00",3482,1,0.99
319,13,"2024-11-01 00:00:00",3488,1,0.99
319,13,"2024-11-01 00:00:00",3494,1,0.99
319,13,"2024-11-01 00:00:00",3500,1,0.99
319,13,"2024-11-01 00:00:00",3,1,0.99
319,13,"2024-11-01 00:00:00",9,1,0.99
319,13,"2024-11-01 00:00:00",15,1,0.99
319,13,"2024-11-01 00:00:00",21,1,0.99
320,22,"2024-11-06 00:00:00",30,1,0.99
320,22,"2024-11-06 00:00:00",39,1,0.99
320,22,"2024-11-06 00:00:00",48,1,0.99
320,22,"2024-11-06 00:00:00",57,1,0.99
320,22,"2024-11-06 00:00:00",66,1,0.99
320,22,"2024-11-06 00:00:00",75,1,0.99
320,22,"2024-11-06 00:00:00",84,1,0.99
320,22,"2024-11-06 00:00:00",93,1,0.99
320,22,"2024-11-06 00:00:00",102,1,0.99
320,22,"2024-11-06 00:00:00",111,1,0.99
320,22,"2024-11-06 00:00:00",120,1,0.99
320,22,"2024-11-06 00:00:00",129,1,0.99
320,22,"2024-11-06 00:00:00",138,1,0.99
320,22,"2024-11-06 00:00:00",147,1,0.99
321,36,"2024-11-14 00:00:00",161,1,0.99
322,37,"2024-11-27 00:00:00",162,1,0.99
322,37,"2024-11-27 00:00:00",163,1,0.99
323,39,"2024-11-27 00:00:00",165,1,0.99
323,39,"2024-11-27 00:00:00",167,1,0.99
324,41,"2024-11-28 00:00:00",169,1,0.99
324,41,"2024-11-28 00:00:00",171,1,0.99
324,41,"2024-11-28 00:00:00",173,1,0.99
324,41,"2024-11-28 00:00:00",175,1,0.99
325,45,"2024-11-29 00:00:00",179,1,0.99
325,45,"2024-11-29 00:00:00",183,1,0.99
325,45,"2024-11-29 00:00:00",187,1,0.99
325,45,"2024-11-29 00:00:00",191,1,0.99
325,45,"2024-11-29 00:00:00",195,1,0.99
325,45,"2024-11-29 00:00:00",199,1,0.99
326,51,"2024-12-02 00:00:00",205,1,0.99
326,51,"2024-12-02 00:00:00",211,1,0.99
326,51,"2024-12-02 00:00:00",217,1,0.99
326,51,"2024-12-02 00:00:00",223,1,0.99
326,51,"2024-12-02 00:00:00",229,1,0.99
326,51,"2024-12-02 00:00:00",235,1,0.99
326,51,"2024-12-02 00:00:00",241,1,0.99
326,51,"2024-12-02 00:00:00",247,1,0.99
326,51,"2024-12-02 00:00:00",253,1,0.99
327,1,"2024-12-07 00:00:00",262,1,0.99
327,1,"2024-12-07 00:00:00",271,1,0.99
327,1,"2024-12-07 00:00:00",280,1,0.99
327,1,"2024-12-07 00:00:00",289,1,0.99
327,1,"2024-12-07 00:00:00",298,1,0.99
327,1,"2024-12-07 00:00:00",307,1,0.99
327,1,"2024-12-07 00:00:00",316,1,0.99
327,1,"2024-12-07 00:00:00",325,1,0.99
327,1,"2024-12-07 00:00:00",334,1,0.99
327,1,"2024-12-07 00:00:00",343,1,0.99
327,1,"2024-12-07 00:00:00",352,1,0.99
327,1,"2024-12-07 00:00:00",361,1,0.99
327,1,"2024-12-07 00:00:00",370,1,0.99
327,1,"2024-12-07 00:00:00",379,1,0.99
328,15,"2024-12-15 00:00:00",393,1,0.99
329,16,"2024-12-28 00:00:00",394,1,0.99
329,16,"2024-12-28 00:00:00",395,1,0.99
330,18,"2024-12-28 00:00:00",397,1,0.99
330,18,"2024-12-28 00:00:00",399,1,0.99
331,20,"2024-12-29 00:00:00",401,1,0.99
331,20,"2024-12-29 00:00:00",403,1,0.99
331,20,"2024-12-29 00:00:00",405,1,0.99
331,20,"2024-12-29 00:00:00",407,1,0.99
332,24,"2024-12-30 00:00:00",411,1,0.99
332,24,"2024-12-30 00:00:00",415,1,0.99
332,24,"2024-12-30 00:00:00",419,1,0.99
332,24,"2024-12-30 00:00:00",423,1,0.99
332,24,"2024-12-30 00:00:00",427,1,0.99
332,24,"2024-12-30 00:00:00",431,1,0.99
333,30,"2025-01-02 00:00:00",437,1,0.99
333,30,"2025-01-02 00:00:00",443,1,0.99
333,30,"2025-01-02 00:00:00",449,1,0.99
333,30,"2025-01-02 00:00:00",455,1,0.99
333,30,"2025-01-02 00:00:00",461,1,0.99
333,30,"2025-01-02 00:00:00",467,1,0.99
333,30,"2025-01-02 00:00:00",473,1,0.99
333,30,"2025-01-02 00:00:00",479,1,0.99
333,30,"2025-01-02 00:00:00",485,1,0.99
334,39,"2025-01-07 00:00:00",494,1,0.99
334,39,"2025-01-07 00:00:00",503,1,0.99
334,39,"2025-01-07 00:00:00",512,1,0.99
334,39,"2025-01-07 00:00:00",521,1,0.99
334,39,"2025-01-07 00:00:00",530,1,0.99
334,39,"2025-01-07 00:00:00",539,1,0.99
334,39,"2025-01-07 00:00:00",548,1,0.99
334,39,"2025-01-07 00:00:00",557,1,0.99
334,39,"2025-01-07 00:00:00",566,1,0.99
334,39,"2025-01-07 00:00:00",575,1,0.99
334,39,"2025-01-07 00:00:00",584,1,0.99
334,39,"2025-01-07 00:00:00",593,1,0.99
334,39,"2025-01-07 00:00:00",602,1,0.99
334,39,"2025-01-07 00:00:00",611,1,0.99
335,53,"2025-01-15 00:00:00",625,1,0.99
336,54,"2025-01-28 00:00:00",626,1,0.99
336,54,"2025-01-28 00:00:00",627,1,0.99
337,56,"2025-01-28 00:00:00",629,1,0.99
337,56,"2025-01-28 00:00:00",631,1,0.99
338,58,"2025-01-29 00:00:00",633,1,0.99
338,58,"2025-01-29 00:00:00",635,1,0.99
338,58,"2025-01-29 00:00:00",637,1,0.99
338,58,"2025-01-29 00:00:00",639,1,0.99
339,3,"2025-01-30 00:00:00",643,1,0.99
339,3,"2025-01-30 00:00:00",647,1,0.99
339,3,"2025-01-30 00:00:00",651,1,0.99
339,3,"2025-01-30 00:00:00",655,1,0.99
339,3,"2025-01-30 00:00:00",659,1,0.99
339,3,"2025-01-30 00:00:00",663,1,0.99
340,9,"2025-02-02 00:00:00",669,1,0.99
340,9,"2025-02-02 00:00:00",675,1,0.99
340,9,"2025-02-02 00:00:00",681,1,0.99
340,9,"2025-02-02 00:00:00",687,1,0.99
340,9,"2025-02-02 00:00:00",693,1,0.99
340,9,"2025-02-02 00:00:00",699,1,0.99
340,9,"2025-02-02 00:00:00",705,1,0.99
340,9,"2025-02-02 00:00:00",711,1,0.99
340,9,"2025-02-02 00:00:00",717,1,0.99
341,18,"2025-02-07 00:00:00",726,1,0.99
341,18,"2025-02-07 00:00:00",735,1,0.99
341,18,"2025-02-07 00:00:00",744,1,0.99
341,18,"2025-02-07 00:00:00",753,1,0.99
341,18,"2025-02-07 00:00:00",762,1,0.99
341,18,"2025-02-07 00:00:00",771,1,0.99
341,18,"2025-02-07 00:00:00",780,1,0.99
341,18,"2025-02-07 00:00:00",789,1,0.99
341,18,"2025-02-07 00:00:00",798,1,0.99
341,18,"2025-02-07 00:00:00",807,1,0.99
341,18,"2025-02-07 00:00:00",816,1,0.99
341,18,"2025-02-07 00:00:00",825,1,0.99
341,18,"2025-02-07 00:00:00",834,1,0.99
341,18,"2025-02-07 00:00:00",843,1,0.99
342,32,"2025-02-15 00:00:00",857,1,0.99
343,33,"2025-02-28 00:00:00",858,1,0.99
343,33,"2025-02-28 00:00:00",859,1,0.99
344,35,"2025-02-28 00:00:00",861,1,0.99
344,35,"2025-02-28 00:00:00",863,1,0.99
345,37,"2025-03-01 00:00:00",865,1,0.99
345,37,"2025-03-01 00:00:00",867,1,0.99
345,37,"2025-03-01 00:00:00",869,1,0.99
345,37,"2025-03-01 00:00:00",871,1,0.99
346,41,"2025-03-02 00:00:00",875,1,0.99
346,41,"2025-03-02 00:00:00",879,1,0.99
346,41,"2025-03-02 00:00:00",883,1,0.99
346,41,"2025-03-02 00:00:00",887,1,0.99
346,41,"2025-03-02 00:00:00",891,1,0.99
346,41,"2025-03-02 00:00:00",895,1,0.99
347,47,"2025-03-05 00:00:00",901,1,0.99
347,47,"2025-03-05 00:00:00",907,1,0.99
347,47,"2025-03-05 00:00:00",913,1,0.99
347,47,"2025-03-05 00:00:00",919,1,0.99
347,47,"2025-03-05 00:00:00",925,1,0.99
347,47,"2025-03-05 00:00:00",931,1,0.99
347,47,"2025-03-05 00:00:00",937,1,0.99
347,47,"2025-03-05 00:00:00",943,1,0.99
347,47,"2025-03-05 00:00:00",949,1,0.99
348,56,"2025-03-10 00:00:00",958,1,0.99
348,56,"2025-03-10 00:00:00",967,1,0.99
348,56,"2025-03-10 00:00:00",976,1,0.99
348,56,"2025-03-10 00:00:00",985,1,0.99
348,56,"2025-03-10 00:00:00",994,1,0.99
348,56,"2025-03-10 00:00:00",1003,1,0.99
348,56,"2025-03-10 00:00:00",1012,1,0.99
348,56,"2025-03-10 00:00:00",1021,1,0.99
348,56,"2025-03-10 00:00:00",1030,1,0.99
348,56,"2025-03-10 00:00:00",1039,1,0.99
348,56,"2025-03-10 00:00:00",1048,1,0.99
348,56,"2025-03-10 00:00:00",1057,1,0.99
348,56,"2025-03-10 00:00:00",1066,1,0.99
348,56,"2025-03-10 00:00:00",1075,1,0.99
349,11,"2025-03-18 00:00:00",1089,1,0.99
350,12,"2025-03-31 00:00:00",1090,1,0.99
350,12,"2025-03-31 00:00:00",1091,1,0.99
351,14,"2025-03-31 00:00:00",1093,1,0.99
351,14,"2025-03-31 00:00:00",1095,1,0.99
352,16,"2025-04-01 00:00:00",1097,1,0.99
352,16,"2025-04-01 00:00:00",1099,1,0.99
352,16,"2025-04-01 00:00:00",1101,1,0.99
352,16,"2025-04-01 00:00:00",1103,1,0.99
353,20,"2025-04-02 00:00:00",1107,1,0.99
353,20,"2025-04-02 00:00:00",1111,1,0.99
353,20,"2025-04-02 00:00:00",1115,1,0.99
353,20,"2025-04-02 00:00:00",1119,1,0.99
353,20,"2025-04-02 00:00:00",1123,1,0.99
353,20,"2025-04-02 00:00:00",1127,1,0.99
354,26,"2025-04-05 00:00:00",1133,1,0.99
354,26,"2025-04-05 00:00:00",1139,1,0.99
354,26,"2025-04-05 00:00:00",1145,1,0.99
354,26,"2025-04-05 00:00:00",1151,1,0.99
354,26,"2025-04-05 00:00:00",1157,1,0.99
354,26,"2025-04-05 00:00:00",1163,1,0.99
354,26,"2025-04-05 00:00:00",1169,1,0.99
354,26,"2025-04-05 00:00:00",1175,1,0.99
354,26,"2025-04-05 00:00:00",1181,1,0.99
355,35,"2025-04-10 00:00:00",1190,1,0.99
355,35,"2025-04-10 00:00:00",1199,1,0.99
355,35,"2025-04-10 00:00:00",1208,1,0.99
355,35,"2025-04-10 00:00:00",1217,1,0.99
355,35,"2025-04-10 00:00:00",1226,1,0.99
355,35,"2025-04-10 00:00:00",1235,1,0.99
355,35,"2025-04-10 00:00:00",1244,1,0.99
355,35,"2025-04-10 00:00:00",1253,1,0.99
355,35,"2025-04-10 00:00:00",1262,1,0.99
355,35,"2025-04-10 00:00:00",1271,1,0.99
355,35,"2025-04-10 00:00:00",1280,1,0.99
355,35,"2025-04-10 00:00:00",1289,1,0.99
355,35,"2025-04-10 00:00:00",1298,1,0.99
355,35,"2025-04-10 00:00:00",1307,1,0.99
356,49,"2025-04-18 00:00:00",1321,1,0.99
357,50,"2025-05-01 00:00:00",1322,1,0.99
357,50,"2025-05-01 00:00:00",1323,1,0.99
358,52,"2025-05-01 00:00:00",1325,1,0.99
358,52,"2025-05-01 00:00:00",1327,1,0.99
359,54,"2025-05-02 00:00:00",1329,1,0.99
359,54,"2025-05-02 00:00:00",1331,1,0.99
359,54,"2025-05-02 00:00:00",1333,1,0.99
359,54,"2025-05-02 00:00:00",1335,1,0.99
360,58,"2025-05-03 00:00:00",1339,1,0.99
360,58,"2025-05-03 00:00:00",1343,1,0.99
360,58,"2025-05-03 00:00:00",1347,1,0.99
360,58,"2025-05-03 00:00:00",1351,1,0.99
360,58,"2025-05-03 00:00:00",1355,1,0.99
360,58,"2025-05-03 00:00:00",1359,1,0.99
361,5,"2025-05-06 00:00:00",1365,1,0.99
361,5,"2025-05-06 00:00:00",1371,1,0.99
361,5,"2025-05-06 00:00:00",1377,1,0.99
361,5,"2025-05-06 00:00:00",1383,1,0.99
361,5,"2025-05-06 00:00:00",1389,1,0.99
361,5,"2025-05-06 00:00:00",1395,1,0.99
361,5,"2025-05-06 00:00:00",1401,1,0.99
361,5,"2025-05-06 00:00:00",1407,1,0.99
361,5,"2025-05-06 00:00:00",1413,1,0.99
362,14,"2025-05-11 00:00:00",1422,1,0.99
362,14,"2025-05-11 00:00:00",1431,1,0.99
362,14,"2025-05-11 00:00:00",1440,1,0.99
362,14,"2025-05-11 00:00:00",1449,1,0.99
362,14,"2025-05-11 00:00:00",1458,1,0.99
362,14,"2025-05-11 00:00:00",1467,1,0.99
362,14,"2025-05-11 00:00:00",1476,1,0.99
362,14,"2025-05-11 00:00:00",1485,1,0.99
362,14,"2025-05-11 00:00:00",1494,1,0.99
362,14,"2025-05-11 00:00:00",1503,1,0.99
362,14,"2025-05-11 00:00:00",1512,1,0.99
362,14,"2025-05-11 00:00:00",1521,1,0.99
362,14,"2025-05-11 00:00:00",1530,1,0.99
362,14,"2025-05-11 00:00:00",1539,1,0.99
363,28,"2025-05-19 00:00:00",1553,1,0.99
364,29,"2025-06-01 00:00:00",1554,1,0.99
364,29,"2025-06-01 00:00:00",1555,1,0.99
365,31,"2025-06-01 00:00:00",1557,1,0.99
365,31,"2025-06-01 00:00:00",1559,1,0.99
366,33,"2025-06-02 00:00:00",1561,1,0.99
366,33,"2025-06-02 00:00:00",1563,1,0.99
366,33,"2025-06-02 00:00:00",1565,1,0.99
366,33,"2025-06-02 00:00:00",1567,1,0.99
367,37,"2025-06-03 00:00:00",1571,1,0.99
367,37,"2025-06-03 00:00:00",1575,1,0.99
367,37,"2025-06-03 00:00:00",1579,1,0.99
367,37,"2025-06-03 00:00:00",1583,1,0.99
367,37,"2025-06-03 00:00:00",1587,1,0.99
367,37,"2025-06-03 00:00:00",1591,1,0.99
368,43,"2025-06-06 00:00:00",1597,1,0.99
368,43,"2025-06-06 00:00:00",1603,1,0.99
368,43,"2025-06-06 00:00:00",1609,1,0.99
368,43,"2025-06-06 00:00:00",1615,1,0.99
368,43,"2025-06-06 00:00:00",1621,1,0.99
368,43,"2025-06-06 00:00:00",1627,1,0.99
368,43,"2025-06-06 00:00:00",1633,1,0.99
368,43,"2025-06-06 00:00:00",1639,1,0.99
368,43,"2025-06-06 00:00:00",1645,1,0.99
369,52,"2025-06-11 00:00:00",1654,1,0.99
369,52,"2025-06-11 00:00:00",1663,1,0.99
369,52,"2025-06-11 00:00:00",1672,1,0.99
369,52,"2025-06-11 00:00:00",1681,1,0.99
369,52,"2025-06-11 00:00:00",1690,1,0.99
369,52,"2025-06-11 00:00:00",1699,1,0.99
369,52,"2025-06-11 00:00:00",1708,1,0.99
369,52,"2025-06-11 00:00:00",1717,1,0.99
369,52,"2025-06-11 00:00:00",1726,1,0.99
369,52,"2025-06-11 00:00:00",1735,1,0.99
369,52,"2025-06-11 00:00:00",1744,1,0.99
369,52,"2025-06-11 00:00:00",1753,1,0.99
369,52,"2025-06-11 00:00:00",1762,1,0.99
369,52,"2025-06-11 00:00:00",1771,1,0.99
370,7,"2025-06-19 00:00:00",1785,1,0.99
371,8,"2025-07-02 00:00:00",1786,1,0.99
371,8,"2025-07-02 00:00:00",1787,1,0.99
372,10,"2025-07-02 00:00:00",1789,1,0.99
372,10,"2025-07-02 00:00:00",1791,1,0.99
373,12,"2025-07-03 00:00:00",1793,1,0.99
373,12,"2025-07-03 00:00:00",1795,1,0.99
373,12,"2025-07-03 00:00:00",1797,1,0.99
373,12,"2025-07-03 00:00:00",1799,1,0.99
374,16,"2025-07-04 00:00:00",1803,1,0.99
374,16,"2025-07-04 00:00:00",1807,1,0.99
374,16,"2025-07-04 00:00:00",1811,1,0.99
374,16,"2025-07-04 00:00:00",1815,1,0.99
374,16,"2025-07-04 00:00:00",1819,1,0.99
374,16,"2025-07-04 00:00:00",1823,1,0.99
375,22,"2025-07-07 00:00:00",1829,1,0.99
375,22,"2025-07-07 00:00:00",1835,1,0.99
375,22,"2025-07-07 00:00:00",1841,1,0.99
375,22,"2025-07-07 00:00:00",1847,1,0.99
375,22,"2025-07-07 00:00:00",1853,1,0.99
375,22,"2025-07-07 00:00:00",1859,1,0.99
375,22,"2025-07-07 00:00:00",1865,1,0.99
375,22,"2025-07-07 00:00:00",1871,1,0.99
375,22,"2025-07-07 00:00:00",1877,1,0.99
376,31,"2025-07-12 00:00:00",1886,1,0.99
376,31,"2025-07-12 00:00:00",1895,1,0.99
376,31,"2025-07-12 00:00:00",1904,1,0.99
376,31,"2025-07-12 00:00:00",1913,1,0.99
376,31,"2025-07-12 00:00:00",1922,1,0.99
376,31,"2025-07-12 00:00:00",1931,1,0.99
376,31,"2025-07-12 00:00:00",1940,1,0.99
376,31,"2025-07-12 00:00:00",1949,1,0.99
376,31,"2025-07-12 00:00:00",1958,1,0.99
376,31,"2025-07-12 00:00:00",1967,1,0.99
376,31,"2025-07-12 00:00:00",1976,1,0.99
376,31,"2025-07-12 00:00:00",1985,1,0.99
376,31,"2025-07-12 00:00:00",1994,1,0.99
376,31,"2025-07-12 00:00:00",2003,1,0.99
377,45,"2025-07-20 00:00:00",2017,1,0.99
378,46,"2025-08-02 00:00:00",2018,1,0.99
378,46,"2025-08-02 00:00:00",2019,1,0.99
379,48,"2025-08-02 00:00:00",2021,1,0.99
379,48,"2025-08-02 00:00:00",2023,1,0.99
380,50,"2025-08-03 00:00:00",2025,1,0.99
380,50,"2025-08-03 00:00:00",2027,1,0.99
380,50,"2025-08-03 00:00:00",2029,1,0.99
380,50,"2025-08-03 00:00:00",2031,1,0.99
381,54,"2025-08-04 00:00:00",2035,1,0.99
381,54,"2025-08-04 00:00:00",2039,1,0.99
381,54,"2025-08-04 00:00:00",2043,1,0.99
381,54,"2025-08-04 00:00:00",2047,1,0.99
381,54,"2025-08-04 00:00:00",2051,1,0.99
381,54,"2025-08-04 00:00:00",2055,1,0.99
382,1,"2025-08-07 00:00:00",2061,1,0.99
382,1,"2025-08-07 00:00:00",2067,1,0.99
382,1,"2025-08-07 00:00:00",2073,1,0.99
382,1,"2025-08-07 00:00:00",2079,1,0.99
382,1,"2025-08-07 00:00:00",2085,1,0.99
382,1,"2025-08-07 00:00:00",2091,1,0.99
382,1,"2025-08-07 00:00:00",2097,1,0.99
382,1,"2025-08-07 00:00:00",2103,1,0.99
382,1,"2025-08-07 00:00:00",2109,1,0.99
383,10,"2025-08-12 00:00:00",2118,1,0.99
383,10,"2025-08-12 00:00:00",2127,1,0.99
383,10,"2025-08-12 00:00:00",2136,1,0.99
383,10,"2025-08-12 00:00:00",2145,1,0.99
383,10,"2025-08-12 00:00:00",2154,1,0.99
383,10,"2025-08-12 00:00:00",2163,1,0.99
383,10,"2025-08-12 00:00:00",2172,1,0.99
383,10,"2025-08-12 00:00:00",2181,1,0.99
383,10,"2025-08-12 00:00:00",2190,1,0.99
383,10,"2025-08-12 00:00:00",2199,1,0.99
383,10,"2025-08-12 00:00:00",2208,1,0.99
383,10,"2025-08-12 00:00:00",2217,1,0.99
383,10,"2025-08-12 00:00:00",2226,1,0.99
383,10,"2025-08-12 00:00:00",2235,1,0.99
384,24,"2025-08-20 00:00:00",2249,1,0.99
385,25,"2025-09-02 00:00:00",2250,1,0.99
385,25,"2025-09-02 00:00:00",2251,1,0.99
386,27,"2025-09-02 00:00:00",2253,1,0.99
386,27,"2025-09-02 00:00:00",2255,1,0.99
387,29,"2025-09-03 00:00:00",2257,1,0.99
387,29,"2025-09-03 00:00:00",2259,1,0.99
387,29,"2025-09-03 00:00:00",2261,1,0.99
387,29,"2025-09-03 00:00:00",2263,1,0.99
388,33,"2025-09-04 00:00:00",2267,1,0.99
388,33,"2025-09-04 00:00:00",2271,1,0.99
388,33,"2025-09-04 00:00:00",2275,1,0.99
388,33,"2025-09-04 00:00:00",2279,1,0.99
388,33,"2025-09-04 00:00:00",2283,1,0.99
388,33,"2025-09-04 00:00:00",2287,1,0.99
389,39,"2025-09-07 00:00:00",2293,1,0.99
389,39,"2025-09-07 00:00:00",2299,1,0.99
389,39,"2025-09-07 00:00:00",2305,1,0.99
389,39,"2025-09-07 00:00:00",2311,1,0.99
389,39,"2025-09-07 00:00:00",2317,1,0.99
389,39,"2025-09-07 00:00:00",2323,1,0.99
389,39,"2025-09-07 00:00:00",2329,1,0.99
389,39,"2025-09-07 00:00:00",2335,1,0.99
389,39,"2025-09-07 00:00:00",2341,1,0.99
390,48,"2025-09-12 00:00:00",2350,1,0.99
390,48,"2025-09-12 00:00:00",2359,1,0.99
390,48,"2025-09-12 00:00:00",2368,1,0.99
390,48,"2025-09-12 00:00:00",2377,1,0.99
390,48,"2025-09-12 00:00:00",2386,1,0.99
390,48,"2025-09-12 00:00:00",2395,1,0.99
390,48,"2025-09-12 00:00:00",2404,1,0.99
390,48,"2025-09-12 00:00:00",2413,1,0.99
390,48,"2025-09-12 00:00:00",2422,1,0.99
390,48,"2025-09-12 00:00:00",2431,1,0.99
390,48,"2025-09-12 00:00:00",2440,1,0.99
390,48,"2025-09-12 00:00:00",2449,1,0.99
390,48,"2025-09-12 00:00:00",2458,1,0.99
390,48,"2025-09-12 00:00:00",2467,1,0.99
391,3,"2025-09-20 00:00:00",2481,1,0.99
392,4,"2025-10-03 00:00:00",2482,1,0.99
392,4,"2025-10-03 00:00:00",2483,1,0.99
393,6,"2025-10-03 00:00:00",2485,1,0.99
393,6,"2025-10-03 00:00:00",2487,1,0.99
394,8,"2025-10-04 00:00:00",2489,1,0.99
394,8,"2025-10-04 00:00:00",2491,1,0.99
394,8,"2025-10-04 00:00:00",2493,1,0.99
394,8,"2025-10-04 00:00:00",2495,1,0.99
395,12,"2025-10-05 00:00:00",2499,1,0.99
395,12,"2025-10-05 00:00:00",2503,1,0.99
395,12,"2025-10-05 00:00:00",2507,1,0.99
395,12,"2025-10-05 00:00:00",2511,1,0.99
395,12,"2025-10-05 00:00:00",2515,1,0.99
395,12,"2025-10-05 00:00:00",2519,1,0.99
396,18,"2025-10-08 00:00:00",2525,1,0.99
396,18,"2025-10-08 00:00:00",2531,1,0.99
396,18,"2025-10-08 00:00:00",2537,1,0.99
396,18,"2025-10-08 00:00:00",2543,1,0.99
396,18,"2025-10-08 00:00:00",2549,1,0.99
396,18,"2025-10-08 00:00:00",2555,1,0.99
396,18,"2025-10-08 00:00:00",2561,1,0.99
396,18,"2025-10-08 00:00:00",2567,1,0.99
396,18,"2025-10-08 00:00:00",2573,1,0.99
397,27,"2025-10-13 00:00:00",2582,1,0.99
397,27,"2025-10-13 00:00:00",2591,1,0.99
397,27,"2025-10-13 00:00:00",2600,1,0.99
397,27,"2025-10-13 00:00:00",2609,1,0.99
397,27,"2025-10-13 00:00:00",2618,1,0.99
397,27,"2025-10-13 00:00:00",2627,1,0.99
397,27,"2025-10-13 00:00:00",2636,1,0.99
397,27,"2025-10-13 00:00:00",2645,1,0.99
397,27,"2025-10-13 00:00:00",2654,1,0.99
397,27,"2025-10-13 00:00:00",2663,1,0.99
397,27,"2025-10-13 00:00:00",2672,1,0.99
397,27,"2025-10-13 00:00:00",2681,1,0.99
397,27,"2025-10-13 00:00:00",2690,1,0.99
397,27,"2025-10-13 00:00:00",2699,1,0.99
398,41,"2025-10-21 00:00:00",2713,1,0.99
399,42,"2025-11-03 00:00:00",2714,1,0.99
399,42,"2025-11-03 00:00:00",2715,1,0.99
400,44,"2025-11-03 00:00:00",2717,1,0.99
400,44,"2025-11-03 00:00:00",2719,1,0.99
401,46,"2025-11-04 00:00:00",2721,1,0.99
401,46,"2025-11-04 00:00:00",2723,1,0.99
401,46,"2025-11-04 00:00:00",2725,1,0.99
401,46,"2025-11-04 00:00:00",2727,1,0.99
402,50,"2025-11-05 00:00:00",2731,1,0.99
402,50,"2025-11-05 00:00:00",2735,1,0.99
402,50,"2025-11-05 00:00:00",2739,1,0.99
402,50,"2025-11-05 00:00:00",2743,1,0.99
402,50,"2025-11-05 00:00:00",2747,1,0.99
402,50,"2025-11-05 00:00:00",2751,1,0.99
403,56,"2025-11-08 00:00:00",2757,1,0.99
403,56,"2025-11-08 00:00:00",2763,1,0.99
403,56,"2025-11-08 00:00:00",2769,1,0.99
403,56,"2025-11-08 00:00:00",2775,1,0.99
403,56,"2025-11-08 00:00:00",2781,1,0.99
403,56,"2025-11-08 00:00:00",2787,1,0.99
403,56,"2025-11-08 00:00:00",2793,1,0.99
403,56,"2025-11-08 00:00:00",2799,1,0.99
403,56,"2025-11-08 00:00:00",2805,1,0.99
404,6,"2025-11-13 00:00:00",2814,1,0.99
404,6,"2025-11-13 00:00:00",2823,1,1.99
404,6,"2025-11-13 00:00:00",2832,1,1.99
404,6,"2025-11-13 00:00:00",2841,1,1.99
404,6,"2025-11-13 00:00:00",2850,1,1.99
404,6,"2025-11-13 00:00:00",2859,1,1.99
404,6,"2025-11-13 00:00:00",2868,1,1.99
404,6,"2025-11-13 00:00:00",2877,1,1.99
404,6,"2025-11-13 00:00:00",2886,1,1.99
404,6,"2025-11-13 00:00:00",2895,1,1.99
404,6,"2025-11-13 00:00:00",2904,1,1.99
404,6,"2025-11-13 00:00:00",2913,1,1.99
404,6,"2025-11-13 00:00:00",2922,1,1.99
404,6,"2025-11-13 00:00:00",2931,1,0.99
405,20,"2025-11-21 00:00:00",2945,1,0.99
406,21,"2025-12-04 00:00:00",2946,1,0.99
406,21,"2025-12-04 00:00:00",2947,1,0.99
407,23,"2025-12-04 00:00:00",2949,1,0.99
407,23,"2025-12-04 00:00:00",2951,1,0.99
408,25,"2025-12-05 00:00:00",2953,1,0.99
408,25,"2025-12-05 00:00:00",2955,1,0.99
408,25,"2025-12-05 00:00:00",2957,1,0.99
408,25,"2025-12-05 00:00:00",2959,1,0.99
409,29,"2025-12-06 00:00:00",2963,1,0.99
409,29,"2025-12-06 00:00:00",2967,1,0.99
409,29,"2025-12-06 00:00:00",2971,1,0.99
409,29,"2025-12-06 00:00:00",2975,1,0.99
409,29,"2025-12-06 00:00:00",2979,1,0.99
409,29,"2025-12-06 00:00:00",2983,1,0.99
410,35,"2025-12-09 00:00:00",2989,1,0.99
410,35,"2025-12-09 00:00:00",2995,1,0.99
410,35,"2025-12-09 00:00:00",3001,1,0.99
410,35,"2025-12-09 00:00:00",3007,1,0.99
410,35,"2025-12-09 00:00:00",3013,1,0.99
410,35,"2025-12-09 00:00:00",3019,1,0.99
410,35,"2025-12-09 00:00:00",3025,1,0.99
410,35,"2025-12-09 00:00:00",3031,1,0.99
410,35,"2025-12-09 00:00:00",3037,1,0.99
411,44,"2025-12-14 00:00:00",3046,1,0.99
411,44,"2025-12-14 00:00:00",3055,1,0.99
411,44,"2025-12-14 00:00:00",3064,1,0.99
411,44,"2025-12-14 00:00:00",3073,1,0.99
411,44,"2025-12-14 00:00:00",3082,1,0.99
411,44,"2025-12-14 00:00:00",3091,1,0.99
411,44,"2025-12-14 00:00:00",3100,1,0.99
411,44,"2025-12-14 00:00:00",3109,1,0.99
411,44,"2025-12-14 00:00:00",3118,1,0.99
411,44,"2025-12-14 00:00:00",3127,1,0.99
411,44,"2025-12-14 00:00:00",3136,1,0.99
411,44,"2025-12-14 00:00:00",3145,1,0.99
411,44,"2025-12-14 00:00:00",3154,1,0.99
411,44,"2025-12-14 00:00:00",3163,1,0.99
412,58,"2025-12-22 00:00:00",3177,1,1.99
